valid_date,latitude,longitude,region_id,rain_observed,temp_observed,mslp_observed,rh_observed,wind_observed,cape_observed
2024-02-01,26.13,93.32,NE,1.54,32.16,1013.7,54.51,5.24,866.3
2024-12-30,29.06,68.29,NW,2.46,27.36,1008.18,49.32,6.52,397.9
2023-05-11,28.91,96.39,NE,2.86,28.18,1009.18,65.04,5.52,369.5
2024-07-18,36.34,77.44,NW,13.7,32.01,1009.83,40.48,3.3,742.4
2024-02-05,34.6,74.85,NW,5.63,8.81,1007.68,74.46,8.2,923.0
2024-01-01,24.76,80.01,CI,1.83,30.51,1011.55,62.64,6.15,928.5
2023-11-11,9.61,74.26,WG,8.51,30.63,1011.17,72.86,6.9,1101.8
2021-05-02,21.68,83.16,EC,145.55,28.03,984.85,95.4,46.85,3950.5
2022-04-12,35.28,68.93,NW,15.73,30.29,1008.97,60.81,4.36,776.3
2024-05-23,10.67,76.93,SP,3.67,26.88,1007.88,61.89,6.98,541.8
2021-11-27,8.62,73.04,WG,1.77,23.36,1012.8,42.22,6.09,1037.8
2021-03-29,13.12,87.54,EC,26.31,30.82,1013.11,44.72,4.74,495.3
2024-10-28,8.51,76.64,SP,6.08,26.14,1008.61,44.51,6.57,405.5
2024-01-29,21.09,93.35,NE,5.78,32.43,1012.88,68.85,6.22,931.8
2023-05-22,15.44,75.4,WG,3.63,30.69,1006.02,73.84,4.21,434.7
2021-05-11,11.0,76.15,SP,4.68,32.11,1008.48,72.61,7.28,710.2
2024-08-25,16.64,76.15,WG,28.8,28.78,1001.44,95.37,19.95,2029.0
2023-02-09,9.66,74.69,WG,2.0,27.5,1007.54,72.38,4.92,791.8
2021-12-10,23.11,87.02,NE,3.92,32.23,1008.59,43.39,5.99,1120.4
2024-12-08,27.24,91.46,NE,3.54,22.89,1011.98,43.52,3.39,484.0
2023-03-17,10.59,73.9,WG,2.85,23.44,1009.69,55.85,5.46,352.4
2022-01-21,15.73,79.67,SP,7.94,29.29,1007.24,47.94,4.4,674.6
2024-04-30,25.04,78.6,CI,0.12,44.61,998.44,20.81,8.68,558.3
2023-08-14,32.11,71.77,NW,1.28,26.03,1012.41,51.6,4.99,1125.4
2021-10-04,21.66,89.81,NE,10.42,28.72,1012.16,73.6,5.86,524.9
2024-03-30,22.75,76.87,CI,10.3,29.64,1014.71,61.62,7.11,939.6
2022-04-05,28.21,86.81,NE,5.46,30.53,1008.62,43.07,6.6,1046.6
2024-08-30,12.41,73.06,WG,27.47,27.86,998.44,91.03,18.24,3221.3
2021-01-22,21.24,74.4,CI,1.44,28.49,1006.69,67.86,7.14,526.2
2021-09-10,10.18,77.2,SP,2.25,31.09,1013.31,42.4,4.72,993.4
2023-01-18,11.83,77.99,SP,0.25,25.18,1007.35,73.66,6.0,459.3
2023-05-07,14.02,84.71,EC,5.86,29.12,1009.67,63.34,3.56,589.3
2022-04-20,30.62,71.16,NW,1.23,42.24,1003.36,19.08,8.25,1313.1
2023-12-19,34.79,73.46,NW,19.5,12.07,1011.57,79.05,12.06,634.2
2022-05-26,23.82,96.37,NE,2.98,26.53,1006.93,58.34,5.9,1172.1
2022-12-01,34.99,77.83,NW,3.06,25.11,1010.97,69.86,4.29,510.9
2023-09-03,18.61,83.4,EC,0.83,27.85,1012.27,70.09,3.15,475.5
2021-07-09,10.25,78.65,SP,10.55,28.37,1010.41,67.45,5.11,648.8
2023-08-16,25.85,80.27,CI,155.66,26.91,995.45,87.2,16.89,2890.0
2022-11-18,25.05,77.29,CI,10.72,24.91,1009.64,53.19,3.89,497.8
2023-08-16,11.26,79.98,SP,2.58,25.2,1012.31,74.87,5.53,934.8
2022-07-17,17.08,76.92,WG,17.64,24.68,1013.29,63.98,4.57,373.4
2024-06-21,14.2,77.47,SP,7.75,32.65,1007.23,59.31,6.06,699.1
2023-04-12,22.25,83.01,CI,4.74,27.19,1013.21,68.41,7.8,454.7
2024-02-29,25.69,88.06,NE,5.66,23.21,1012.33,51.9,7.92,1057.1
2022-10-09,15.79,84.65,EC,7.73,27.42,1010.08,46.99,3.8,561.0
2021-01-21,8.77,79.09,SP,2.83,31.85,1014.16,67.93,6.03,1107.7
2023-04-21,9.31,74.32,WG,0.48,24.08,1012.75,71.69,4.92,304.2
2021-06-16,27.84,90.61,NE,2.72,30.43,1011.27,47.33,6.41,778.7
2024-07-21,14.74,76.88,SP,0.04,22.31,1009.94,45.74,7.53,393.9
2022-01-23,29.14,87.51,NE,2.58,29.88,1014.41,44.65,6.89,1163.3
2022-08-24,8.31,79.8,SP,3.55,33.74,1004.08,63.74,8.98,2154.9
2021-11-12,27.39,87.78,NE,6.3,22.12,1006.16,63.36,7.2,624.1
2021-01-14,36.8,73.02,NW,31.0,12.07,1012.55,66.4,8.86,1096.3
2021-08-30,29.08,91.06,NE,3.08,30.27,1004.84,73.14,8.59,1476.7
2023-02-16,30.13,72.49,NW,8.76,22.41,1014.14,40.6,4.75,1103.4
2024-10-01,20.68,79.34,CI,7.89,22.23,1008.19,67.06,6.4,1147.1
2022-07-19,29.88,68.37,NW,0.99,25.37,1010.46,74.47,3.2,460.5
2023-06-17,23.21,87.56,NE,6.96,31.43,1009.82,57.28,4.28,1166.2
2024-09-25,20.54,85.39,EC,2.87,25.77,1010.22,47.48,3.98,840.6
2021-04-02,19.4,88.61,EC,8.37,30.52,1011.09,62.36,5.82,1087.4
2024-10-22,23.15,83.83,CI,0.79,26.26,1009.92,70.48,7.5,830.5
2023-08-14,23.65,87.24,NE,7.69,22.68,1011.88,55.81,3.82,845.8
2024-12-22,29.24,72.71,NW,17.84,12.82,1008.11,75.74,12.46,637.7
2022-05-24,20.85,85.04,EC,120.57,26.29,976.39,96.83,36.91,2994.7
2023-02-15,10.34,79.08,SP,0.08,26.23,1007.4,67.51,7.66,628.6
2021-02-04,14.07,73.23,WG,6.05,32.2,1008.52,60.99,7.04,1007.3
2021-07-25,25.9,95.94,NE,18.57,33.31,1006.87,69.59,7.44,1357.7
2024-01-10,14.74,78.23,SP,8.73,30.94,1014.05,42.47,6.18,948.4
2024-11-12,11.02,75.48,SP,137.46,27.65,971.68,99.89,47.08,4073.1
2023-10-23,24.99,94.02,NE,10.9,31.26,1006.67,60.12,5.35,478.9
2023-10-19,12.32,73.56,WG,0.91,24.87,1010.26,48.97,4.06,793.8
2024-11-14,21.25,87.39,EC,5.34,24.34,1007.4,64.7,4.52,987.1
2022-07-20,15.66,73.12,WG,25.52,30.76,1006.15,68.35,5.41,410.5
2024-02-04,19.16,75.03,CI,0.41,30.33,1013.81,62.13,3.94,912.8
2022-12-04,32.01,69.16,NW,5.0,23.84,1006.04,72.8,3.32,974.8
2022-02-06,34.95,77.93,NW,127.24,15.05,1004.39,81.39,12.9,906.1
2022-12-31,10.93,77.5,SP,2.41,27.92,1008.11,55.97,4.92,918.9
2021-06-11,18.83,88.43,EC,9.41,24.98,1014.82,64.45,5.56,454.2
2021-07-21,18.73,72.76,WG,141.11,28.91,999.59,97.81,11.18,2859.7
2023-09-23,9.35,79.15,SP,9.57,29.27,1008.03,82.27,10.24,1538.3
2021-09-27,26.86,86.6,NE,14.01,30.3,1004.01,63.84,8.23,1370.1
2023-03-27,12.02,79.29,SP,0.27,25.04,1006.56,70.05,3.89,1059.4
2024-07-18,22.86,95.46,NE,2.97,32.95,1010.03,50.01,3.6,873.2
2022-04-01,21.45,94.39,NE,6.64,31.33,1006.98,61.23,6.2,920.8
2024-06-29,22.93,77.15,CI,7.19,22.76,1011.44,70.38,3.83,355.9
2023-10-14,23.77,81.82,CI,0.65,30.94,1009.42,70.41,4.39,697.5
2021-10-23,28.94,89.41,NE,6.12,28.76,1011.35,42.12,6.89,1015.5
2022-12-21,18.55,85.42,EC,67.51,26.42,976.59,90.13,42.35,3421.6
2021-12-04,22.2,82.9,CI,1.16,23.39,1012.82,73.08,3.82,662.1
2023-05-29,18.03,76.82,CI,5.3,25.52,1007.76,60.27,7.16,877.0
2023-12-13,31.0,69.78,NW,8.29,24.14,1010.14,43.95,4.64,517.3
2023-03-03,15.26,78.56,SP,1.54,31.28,1010.61,62.83,3.28,426.8
2021-08-05,30.21,76.15,NW,2.53,30.66,1012.32,66.57,6.21,823.5
2023-02-03,15.96,85.03,EC,2.99,27.45,1007.35,74.05,6.21,474.8
2021-07-07,18.02,77.66,CI,10.37,31.2,1012.78,44.05,3.09,937.4
2022-01-15,19.11,80.9,CI,11.02,24.25,1012.05,53.1,5.44,752.5
2022-05-08,13.75,73.86,WG,1.19,26.17,1014.95,66.22,3.78,331.1
2023-12-01,16.15,81.89,EC,222.3,27.38,975.13,91.79,26.74,3702.7
2024-03-26,15.4,75.3,SP,7.64,23.14,1010.98,48.14,6.97,929.7
2021-01-15,14.92,77.81,SP,1.44,28.89,1012.36,58.92,5.67,407.6
2021-03-06,12.95,76.66,SP,0.2,23.49,1008.21,57.27,4.79,941.6
2022-06-05,21.63,82.54,EC,0.59,26.48,1012.52,46.45,4.58,750.6
2024-09-29,15.07,76.97,WG,2.1,28.1,1010.15,42.33,3.8,839.1
2024-02-27,18.57,74.91,WG,1.22,22.05,1011.66,48.13,7.09,653.3
2022-10-10,36.87,75.01,NW,12.98,29.86,1010.03,63.63,7.22,521.7
2023-12-23,13.3,83.65,EC,11.81,31.74,1006.54,56.49,3.56,1097.5
2024-03-08,14.68,83.1,EC,2.78,24.64,1014.44,59.67,7.64,715.4
2022-08-16,17.13,75.13,WG,18.64,32.81,1006.18,54.22,7.75,1032.8
2022-01-27,21.32,95.53,NE,12.97,24.33,1007.81,72.77,3.42,1151.7
2022-02-23,23.52,96.96,NE,1.55,22.91,1011.1,46.58,4.95,452.0
2021-10-16,36.4,77.41,NW,5.66,28.14,1007.98,50.2,6.69,377.9
2022-01-14,27.89,87.65,NE,2.06,26.98,1009.71,69.24,7.9,462.4
2021-08-19,25.53,87.69,NE,1.32,22.67,1013.85,70.78,4.43,596.9
2023-10-15,23.21,92.33,NE,2.51,29.3,1014.14,68.04,4.79,1175.1
2021-02-10,18.33,83.69,CI,8.5,30.19,1014.64,55.07,3.21,1191.9
2023-11-18,35.94,71.81,NW,20.32,32.29,1010.26,45.76,3.98,725.9
2021-05-15,14.19,74.6,WG,3.75,29.43,1009.55,73.72,6.24,666.6
2021-07-20,28.5,93.26,NE,9.41,29.59,1009.31,56.63,6.21,873.8
2023-02-19,10.22,77.46,SP,4.12,23.93,1008.33,71.98,5.48,989.9
2023-07-19,21.43,83.59,CI,2.88,22.49,1007.43,53.75,6.98,1134.2
2023-11-23,22.49,86.07,NE,0.76,32.08,1008.71,63.11,4.02,346.3
2023-12-08,25.04,82.97,CI,2.4,32.49,1009.78,49.54,4.63,1167.6
2022-05-18,35.33,73.11,NW,4.1,24.11,1011.74,47.85,6.58,914.2
2022-02-11,13.28,78.1,SP,3.7,32.5,1009.46,52.64,4.82,333.9
2023-03-16,8.56,78.28,SP,0.77,24.6,1013.93,41.97,4.83,497.5
2021-04-09,8.11,76.79,SP,2.37,29.1,1006.15,71.28,6.18,301.2
2022-11-15,28.92,88.65,NE,1.46,29.48,1014.67,55.57,4.12,327.2
2022-12-27,25.52,76.5,CI,0.35,22.65,1006.28,59.2,7.23,611.4
2023-08-19,10.52,78.46,SP,0.66,25.84,1006.01,73.31,5.29,963.7
2022-09-05,19.38,84.51,EC,83.11,30.34,990.63,91.53,15.57,1906.5
2022-10-05,20.7,80.36,EC,1.72,31.82,1006.66,54.78,7.02,451.6
2023-10-26,25.38,75.96,CI,1.23,26.81,1013.36,58.3,5.89,972.8
2024-05-26,28.52,89.81,NE,0.67,32.34,1013.61,56.6,6.2,1067.5
2022-05-18,28.08,93.06,NE,12.22,25.59,1011.68,49.77,7.6,352.1
2023-02-06,26.29,77.18,NW,0.1,28.5,1006.74,43.51,7.47,802.8
2022-02-02,27.19,70.44,NW,2.97,24.86,1013.54,59.95,3.16,1084.1
2023-05-21,14.51,75.58,SP,1.31,27.92,1012.44,58.69,3.95,885.1
2023-03-06,10.66,74.77,WG,18.57,29.06,1008.38,59.19,4.61,568.4
2022-01-28,34.8,69.47,NW,7.53,27.56,1011.44,44.11,7.61,937.9
2021-07-26,25.66,93.53,NE,0.93,28.37,1007.21,50.27,7.62,432.3
2023-11-05,18.33,76.71,WG,6.21,29.2,1006.83,64.76,5.38,750.7
2023-06-11,34.2,74.53,NW,13.63,22.06,1011.49,61.16,4.95,931.6
2023-05-14,21.47,75.12,CI,0.34,47.41,1001.27,19.17,6.12,968.2
2023-01-13,18.81,88.93,EC,16.11,29.27,1007.23,58.52,6.05,1042.9
2024-06-18,33.58,68.17,NW,6.49,31.28,1007.75,67.29,5.89,1165.2
2022-07-18,30.45,74.15,NW,9.63,33.72,1008.6,60.64,13.32,2550.4
2023-10-18,23.52,81.2,CI,9.03,32.77,1007.63,74.11,5.14,724.1
2021-04-06,25.74,87.68,NE,2.52,22.17,1008.31,55.74,4.35,702.6
2022-04-30,15.54,78.83,SP,18.22,23.62,1011.98,74.6,3.02,1052.2
2024-12-01,19.89,77.22,CI,8.92,22.93,1014.3,44.92,7.78,692.6
2021-08-19,15.38,79.88,SP,9.53,25.79,1013.68,69.28,6.12,566.6
2023-01-19,29.27,68.38,NW,12.77,10.77,1012.56,89.9,13.55,524.9
2024-04-09,21.41,88.41,NE,1.93,29.41,1012.46,48.27,3.82,871.0
2022-06-25,15.55,75.13,WG,1.23,29.54,1010.61,70.82,6.42,908.3
2023-11-26,32.24,75.17,NW,14.26,15.24,1006.06,83.34,14.5,1116.6
2022-06-09,18.15,75.05,CI,60.75,29.98,993.38,92.24,23.31,3715.2
2024-03-29,12.31,73.2,WG,9.95,30.37,1008.38,60.78,5.39,336.9
2024-06-20,11.83,85.77,EC,2.1,31.72,1014.39,62.28,7.07,712.9
2024-01-15,17.78,75.89,WG,12.46,24.06,1013.04,66.41,4.06,769.5
2022-08-01,24.54,80.66,CI,5.69,25.55,1010.79,46.21,6.12,334.4
2022-11-13,16.82,73.72,WG,1.21,22.78,1011.21,66.58,6.91,549.0
2022-07-11,25.94,75.83,CI,17.64,27.92,988.36,91.44,18.54,3670.2
2023-10-10,26.79,70.89,NW,16.34,29.83,1008.52,65.36,5.99,567.1
2022-10-08,29.29,96.86,NE,2.06,24.32,1014.82,40.81,7.52,994.5
2023-03-07,19.74,85.66,EC,11.72,27.98,1006.47,59.05,4.43,308.8
2023-11-18,25.42,96.65,NE,6.43,28.81,1011.32,53.67,7.02,608.8
2024-09-25,26.91,96.34,NE,33.22,28.64,1013.61,62.55,6.37,1056.9
2024-09-16,23.69,89.01,NE,1.4,29.05,1003.55,78.61,12.16,1239.5
2024-10-03,24.84,75.5,CI,23.96,22.66,1010.43,58.76,6.06,1168.0
2024-06-08,25.57,79.07,CI,6.02,23.75,1006.68,57.97,5.2,541.4
2021-07-09,21.19,83.03,EC,122.84,28.2,993.85,96.66,20.33,3476.5
2024-06-02,23.73,78.83,CI,7.19,26.38,1006.67,73.5,6.15,1071.0
2024-11-09,13.01,77.77,SP,0.19,27.34,1010.43,65.4,3.33,390.3
2024-11-01,25.74,80.92,CI,0.77,22.6,1011.53,70.6,5.35,1027.9
2024-07-30,20.01,83.1,CI,103.01,27.99,989.58,92.46,18.24,2005.7
2022-09-25,20.35,77.72,CI,3.98,24.62,1012.95,71.67,6.68,563.7
2022-09-20,25.33,77.0,NW,4.47,23.13,1009.1,59.72,4.99,641.3
2023-08-31,14.15,82.33,EC,147.1,30.56,991.9,94.92,18.8,2720.7
2024-07-06,15.36,79.43,SP,1.76,33.84,1003.13,74.08,9.24,1873.0
2024-10-14,19.13,81.69,CI,0.82,28.03,1008.43,58.8,3.97,1055.6
2022-12-11,21.04,80.71,EC,5.04,30.62,1010.45,72.53,6.76,334.3
2024-12-05,17.9,74.96,WG,0.45,24.46,1014.95,54.78,3.67,622.4
2022-10-11,32.7,72.93,NW,0.93,32.78,1009.21,49.65,6.95,323.0
2021-11-14,23.58,74.34,CI,12.18,32.41,1009.28,71.54,5.13,562.7
2024-06-02,14.1,75.18,SP,10.46,26.48,1011.05,47.6,3.35,845.9
2024-06-11,29.92,69.51,NW,11.61,31.0,1013.41,57.97,4.89,1177.9
2022-11-15,14.59,76.73,SP,8.37,32.15,1009.87,74.07,4.87,916.0
2022-10-26,29.9,72.29,NW,10.84,25.24,1013.74,57.82,5.81,1153.7
2024-10-29,17.27,74.67,WG,3.82,23.56,1010.76,68.58,6.89,841.9
2024-06-10,19.68,80.66,EC,3.13,23.71,1006.82,45.26,4.13,600.3
2024-02-11,26.49,73.52,NW,45.18,12.4,1004.23,86.8,15.94,1171.3
2022-03-18,29.05,85.9,NE,3.06,26.67,1010.7,63.26,4.39,889.4
2022-07-18,8.52,73.2,WG,197.94,25.55,1004.97,91.93,19.93,3100.1
2024-07-15,26.45,89.79,NE,0.58,26.25,1012.13,52.59,7.81,1071.5
2024-11-10,17.91,72.82,WG,3.67,23.37,1010.0,64.81,4.36,1052.6
2024-11-11,22.67,88.6,NE,4.82,32.36,1014.35,51.39,4.59,951.0
2024-02-11,26.33,93.22,NE,1.94,26.89,1008.79,69.13,6.23,1012.3
2023-08-10,8.99,80.19,SP,16.76,26.54,1014.02,41.25,4.82,366.5
2024-01-10,28.43,75.13,NW,15.6,24.62,1014.06,41.96,3.18,881.3
2022-11-30,30.81,70.23,NW,0.01,24.59,1013.5,53.45,5.09,398.3
2021-04-23,18.15,76.18,WG,8.98,27.23,1008.7,68.98,6.25,673.6
2021-01-02,15.36,85.3,EC,0.71,27.55,1014.05,71.28,4.91,893.1
2022-10-04,10.06,78.79,SP,10.48,30.41,1012.52,57.54,6.49,1152.7
2021-08-08,28.02,76.44,NW,0.51,27.19,1013.28,65.24,4.48,829.4
2023-05-05,26.83,68.15,NW,3.91,22.8,1009.59,48.78,3.77,609.3
2024-06-02,10.15,76.05,SP,4.33,32.3,1007.81,69.24,4.35,1022.5
2022-01-20,22.07,76.04,CI,15.41,22.18,1010.81,66.71,4.57,1061.4
2024-11-27,14.11,76.33,SP,0.29,29.61,1006.37,52.64,3.26,339.0
2024-02-28,33.19,73.78,NW,1.57,26.15,1009.16,54.12,3.43,845.3
2023-12-13,21.85,89.0,EC,8.58,25.83,1014.92,53.35,6.71,565.7
2022-12-31,24.96,81.6,CI,6.89,30.92,1008.24,56.12,7.03,938.5
2024-12-10,24.28,94.04,NE,0.01,22.35,1012.78,55.88,5.56,1168.2
2021-09-04,15.65,75.13,SP,0.2,23.45,1007.7,64.94,3.91,775.8
2023-04-16,25.57,87.62,NE,11.01,31.41,1007.89,71.4,7.97,1176.6
2021-07-22,22.46,78.66,CI,152.75,30.46,994.27,90.72,15.35,2431.0
2024-04-22,22.61,79.51,CI,1.52,48.13,998.61,19.07,9.51,1113.9
2021-05-03,25.68,79.52,CI,2.56,29.77,1008.17,55.59,4.7,1150.1
2022-02-05,18.15,73.94,WG,28.76,23.81,1014.16,59.99,4.71,951.3
2023-02-06,11.5,77.59,SP,2.82,27.29,1008.99,42.81,5.17,523.1
2021-10-21,14.07,83.42,EC,1.59,22.21,1008.11,50.58,7.73,1109.7
2021-10-07,17.58,85.22,EC,138.95,26.13,974.09,98.31,39.23,3338.6
2023-06-03,26.41,89.22,NE,1.93,27.34,1007.89,47.43,6.99,474.1
2021-07-17,23.68,92.34,NE,3.58,32.02,1010.8,61.38,4.53,1106.0
2023-09-09,22.13,88.04,NE,27.57,31.65,1005.55,60.97,6.25,1630.8
2023-01-22,8.34,75.4,SP,1.86,31.32,1010.36,47.05,6.75,902.8
2021-05-24,27.16,68.2,NW,0.22,47.87,1003.91,32.55,6.69,1360.3
2022-09-01,23.09,92.86,NE,9.29,26.67,1009.24,48.94,6.69,1168.1
2024-05-09,18.49,78.37,CI,1.87,46.72,1003.52,23.53,7.03,690.4
2024-02-22,28.76,94.5,NE,8.75,26.83,1010.7,74.07,3.57,757.0
2021-07-06,20.44,83.25,CI,0.97,27.85,1013.17,68.64,7.49,1143.3
2024-09-11,11.96,72.83,WG,11.06,30.22,1006.66,53.43,4.42,1014.5
2022-04-09,36.92,76.7,NW,4.17,25.39,1009.81,66.55,5.88,655.2
2024-10-04,30.06,74.66,NW,1.07,23.44,1012.49,41.17,5.19,956.9
2022-10-22,13.37,76.07,SP,72.29,27.46,982.69,98.8,30.61,3908.5
2023-02-03,9.6,77.58,SP,3.69,28.15,1009.77,70.55,3.9,1000.6
2023-08-13,21.03,80.09,EC,4.76,22.84,1007.44,56.08,5.41,958.9
2022-02-07,17.39,72.76,WG,2.1,24.3,1010.51,66.48,5.72,1014.6
2024-10-01,11.83,78.51,SP,15.09,29.2,1012.02,52.12,3.5,933.9
2021-05-27,23.49,74.58,CI,0.33,48.39,998.81,21.41,6.46,637.4
2024-03-17,13.02,75.13,WG,9.62,25.65,1008.85,74.95,4.45,389.3
2023-05-14,24.86,69.35,NW,0.77,30.67,1006.43,53.86,7.51,813.4
2022-05-04,23.31,79.22,CI,12.4,32.1,1006.68,41.95,4.49,1094.8
2023-07-18,9.94,74.91,WG,87.09,26.52,999.28,99.87,13.04,3890.5
2022-07-05,35.87,68.16,NW,5.13,29.37,1007.08,43.64,4.33,621.8
2021-12-04,13.14,75.41,SP,1.1,28.79,1012.23,41.96,7.33,1089.4
2023-05-22,18.05,75.51,CI,3.32,31.86,1007.17,57.84,6.79,542.1
2022-10-03,21.38,82.02,CI,0.11,29.34,1013.31,47.62,7.56,788.2
2022-04-18,27.66,74.26,NW,0.67,44.44,999.88,29.3,5.88,1347.3
2021-05-31,21.29,76.34,CI,0.54,48.38,1001.23,24.2,9.58,937.7
2024-12-09,12.11,79.39,SP,159.68,29.24,985.53,93.87,31.96,2801.8
2024-08-14,14.66,79.66,SP,12.83,22.79,1008.99,74.04,5.1,1153.0
2021-09-20,10.71,79.36,SP,1.0,29.24,1008.75,72.93,5.15,350.5
2021-05-24,26.76,75.38,NW,12.54,25.74,1014.98,41.04,5.36,521.4
2021-12-12,29.06,85.16,NE,2.91,32.8,1014.4,61.37,7.46,1154.2
2022-09-16,24.74,92.77,NE,1.35,23.15,1008.39,58.73,4.21,1140.4
2023-10-14,23.61,75.76,CI,1.13,23.99,1007.36,55.26,3.23,912.1
2023-05-31,15.78,78.38,SP,16.26,24.74,1007.62,42.76,5.01,520.7
2021-01-02,19.31,74.21,CI,4.41,31.56,1010.29,67.24,6.26,308.7
2023-06-16,34.18,68.8,NW,7.48,29.54,1007.57,64.83,7.97,564.6
2024-08-20,19.13,79.75,CI,11.4,22.42,1007.84,67.24,5.04,1113.5
2021-09-11,17.64,86.18,EC,90.75,30.71,993.69,94.6,17.13,3117.5
2022-03-29,24.34,94.29,NE,0.48,25.38,1013.51,50.37,3.98,479.9
2023-11-27,25.79,76.71,CI,0.41,31.05,1010.48,46.8,6.26,1019.1
2024-03-29,23.62,83.28,CI,5.73,28.18,1011.61,60.06,4.1,888.2
2023-10-12,16.24,75.56,WG,10.43,30.52,1006.71,53.92,4.85,1131.1
2021-01-09,19.79,79.35,CI,3.84,29.25,1014.64,45.63,4.81,866.2
2024-06-10,17.19,86.3,EC,5.36,27.61,1012.85,64.36,6.29,943.8
2024-01-28,29.47,85.4,NE,1.42,30.6,1012.19,63.26,6.53,520.0
2023-03-27,8.78,72.85,WG,8.84,25.09,1009.4,72.31,3.57,455.2
2021-07-27,33.66,69.36,NW,4.03,29.11,1008.3,69.42,9.69,1791.9
2024-02-29,32.09,71.25,NW,2.83,30.88,1013.49,56.87,4.22,687.7
2022-02-08,24.89,87.59,NE,1.66,26.36,1007.1,69.45,5.58,518.5
2021-06-01,35.26,73.86,NW,11.17,30.56,1007.04,75.5,7.87,1354.6
2021-02-23,21.39,85.17,EC,0.69,22.81,1009.11,52.42,7.89,320.3
2024-02-18,18.99,75.71,CI,4.29,28.96,1007.31,73.2,7.06,498.8
2022-09-20,29.41,93.71,NE,1.34,25.21,1008.78,47.98,4.29,764.9
2022-08-10,8.59,75.67,WG,106.94,25.69,998.25,97.41,19.28,3992.9
2024-12-14,21.3,77.07,CI,2.91,24.21,1014.76,47.42,5.7,1019.4
2024-12-16,26.0,76.4,NW,0.67,22.31,1007.77,55.94,3.08,688.1
2021-04-14,24.83,70.9,NW,11.37,23.78,1010.38,42.49,5.31,732.2
2021-09-11,11.68,73.22,WG,2.75,25.3,1014.74,48.65,6.38,894.9
2024-06-04,16.59,80.11,EC,78.62,28.11,990.87,88.1,21.07,2298.2
2024-02-10,11.61,76.7,WG,0.82,32.92,1009.7,57.13,5.16,384.0
2022-05-25,23.64,89.33,NE,4.41,24.48,1013.2,64.09,5.72,1179.8
2021-04-09,13.68,75.03,WG,12.08,30.37,1006.11,47.57,6.6,550.5
2021-06-02,34.51,69.9,NW,5.36,25.89,1010.88,47.73,7.39,865.0
2023-07-03,20.59,86.82,EC,62.2,29.43,989.02,91.16,13.04,1946.7
2023-05-28,18.95,80.78,EC,9.36,29.93,1006.47,69.49,4.41,889.4
2021-12-04,8.17,78.27,SP,7.15,29.54,1011.22,43.96,3.56,426.9
2023-04-02,18.36,75.13,WG,1.42,32.13,1007.38,74.6,3.02,999.0
2024-04-01,22.81,86.09,NE,6.51,31.3,1014.77,51.67,3.44,516.6
2023-08-15,33.09,75.22,NW,4.01,23.09,1014.68,58.11,4.63,1115.7
2021-06-10,19.38,74.28,CI,15.96,28.75,1014.69,72.78,6.46,751.6
2023-03-12,15.49,85.24,EC,17.02,25.19,1010.9,74.84,7.59,640.9
2022-02-02,16.47,76.14,WG,4.59,31.63,1012.68,56.83,7.95,659.0
2024-07-24,12.88,75.61,SP,23.44,28.57,1007.29,63.15,10.04,2150.1
2023-03-27,26.8,96.81,NE,14.36,26.51,1014.49,70.4,5.65,708.2
2024-11-16,28.7,95.46,NE,4.37,28.44,1006.89,67.58,7.71,741.6
2024-03-04,27.93,75.51,NW,2.34,22.68,1007.1,74.31,3.68,372.5
2024-05-03,20.36,86.1,EC,0.4,27.74,1011.71,70.42,4.25,1134.4
2022-02-05,27.26,77.54,NW,1.06,29.11,1011.8,42.55,4.75,314.4
2022-10-02,11.61,75.71,SP,10.7,26.86,1012.28,46.96,3.91,933.8
2023-11-23,18.88,80.48,CI,0.92,29.33,1012.05,67.33,6.83,665.0
2022-11-19,21.5,74.94,CI,2.96,30.96,1011.81,66.61,6.78,612.3
2022-04-05,23.92,81.99,CI,5.71,28.28,1008.11,40.29,3.5,331.1
2023-08-13,27.17,87.43,NE,2.37,25.29,1013.79,44.37,3.93,858.0
2022-04-15,18.59,80.1,EC,30.0,27.16,1012.86,49.46,6.61,505.5
2024-10-30,27.97,71.99,NW,17.58,14.82,1006.59,89.46,11.28,849.4
2023-11-12,34.86,71.9,NW,11.93,27.1,1009.34,73.01,7.02,368.1
2023-01-20,8.09,76.94,SP,1.2,31.72,1006.54,47.76,3.43,860.0
2021-02-07,21.99,83.49,CI,3.86,26.92,1011.55,57.44,7.96,861.4
2021-08-18,21.35,81.63,EC,3.21,28.45,1010.02,74.63,3.03,439.9
2024-10-20,13.04,81.47,EC,103.7,27.37,986.57,90.58,28.54,4264.5
2022-07-17,14.31,75.03,SP,6.15,29.63,1002.03,72.29,12.92,1710.4
2022-03-14,9.53,74.92,WG,2.56,31.69,1011.92,50.28,5.57,1045.5
2024-07-30,13.72,80.83,EC,0.48,31.33,1014.36,58.26,4.1,1048.2
2021-01-27,14.96,82.47,EC,4.26,28.99,1013.31,47.13,5.91,1165.6
2021-08-14,30.64,77.79,NW,10.96,31.82,1002.21,64.57,10.9,2183.7
2024-07-24,8.99,77.05,SP,12.3,31.9,1009.24,64.15,5.32,729.3
2023-03-09,21.25,87.89,EC,7.92,32.4,1014.71,67.12,6.63,684.8
2021-10-11,15.34,86.29,EC,5.97,23.17,1010.22,60.67,4.41,476.4
2023-05-29,25.14,75.13,NW,6.43,24.92,1014.58,74.72,7.04,1161.8
2023-08-18,21.7,84.84,EC,119.43,27.42,996.31,94.91,15.65,1975.5
2022-03-29,30.48,69.87,NW,2.45,27.78,1007.15,56.04,5.63,996.8
2023-10-17,15.61,75.16,WG,3.79,30.89,1014.29,67.6,5.16,615.2
2023-03-27,26.54,85.31,NE,3.74,25.5,1008.97,56.41,5.89,449.4
2022-10-21,31.13,73.95,NW,24.38,15.98,1008.04,69.13,10.43,766.6
2022-07-01,26.7,70.08,NW,5.92,30.24,1009.25,60.68,4.48,1054.6
2024-04-30,14.04,86.41,EC,7.57,27.31,1008.81,63.71,7.63,397.0
2023-12-09,31.88,76.46,NW,4.17,28.5,1010.87,46.81,3.14,364.1
2021-01-17,10.37,80.02,SP,11.56,25.13,1013.26,74.84,6.7,616.1
2024-04-10,23.95,77.95,CI,9.38,32.1,1012.29,58.77,6.59,1162.9
2024-05-28,18.76,76.57,CI,1.3,31.49,1006.88,40.58,6.56,551.0
2021-06-07,19.48,73.9,WG,95.71,27.59,998.87,90.81,17.91,3808.8
2022-04-22,28.29,69.9,NW,4.46,23.92,1007.35,67.27,7.1,1006.6
2023-12-06,14.45,76.52,SP,2.47,24.77,1007.88,40.12,3.32,1187.7
2024-10-28,14.63,83.73,EC,0.5,32.05,1010.15,74.11,3.27,901.9
2022-06-02,15.77,83.7,EC,2.57,23.17,1006.42,60.94,6.51,337.3
2021-04-09,25.28,94.77,NE,2.13,27.55,1012.38,57.86,3.08,538.9
2023-11-27,17.83,76.09,WG,0.61,27.36,1013.97,71.38,3.56,1095.0
2021-10-07,8.81,79.4,SP,12.04,28.3,1011.65,72.09,5.3,1198.4
2024-10-04,8.96,75.69,SP,5.96,31.43,1009.53,61.55,6.64,608.4
2022-05-12,21.43,87.37,EC,83.42,28.16,986.9,96.18,28.75,4034.6
2021-10-29,25.7,95.5,NE,0.4,24.72,1009.34,49.41,5.57,302.1
2021-06-30,21.88,85.5,EC,26.54,29.4,988.42,87.89,13.42,2673.1
2022-08-30,26.21,94.05,NE,10.41,27.44,1011.09,60.56,3.49,615.6
2024-01-28,19.86,75.67,CI,5.27,30.76,1009.38,55.09,3.58,323.6
2022-12-01,14.08,76.9,SP,2.11,23.59,1008.55,64.61,3.8,983.3
2023-09-20,19.08,77.15,CI,62.86,29.55,994.61,89.26,13.28,3045.9
2024-02-14,14.95,88.69,EC,19.69,30.72,1010.95,59.83,5.32,577.7
2021-07-10,16.38,74.89,WG,60.64,24.72,999.03,91.87,19.72,2141.8
2021-09-10,36.6,77.03,NW,0.95,32.22,1010.83,53.87,5.0,931.5
2023-09-08,14.14,76.58,WG,17.19,29.22,1012.47,61.25,3.88,729.0
2023-07-17,12.85,73.54,WG,6.11,27.47,1009.29,45.09,7.39,329.2
2024-03-30,27.02,74.62,NW,3.65,23.48,1014.0,43.59,6.69,557.9
2024-07-03,12.01,78.62,SP,27.04,28.46,1008.81,63.3,13.17,2107.3
2024-09-08,23.49,74.22,CI,35.7,27.01,996.11,91.42,22.91,2857.0
2021-05-08,18.43,79.33,CI,7.41,24.04,1012.09,62.42,7.4,775.2
2021-01-18,9.53,78.48,SP,18.56,29.75,1007.24,53.53,4.09,591.5
2022-07-20,31.18,73.86,NW,11.2,27.62,1009.6,59.53,7.06,1135.3
2022-07-24,23.57,92.68,NE,2.35,30.1,1006.08,82.39,7.99,1899.2
2024-09-08,17.95,76.99,WG,105.54,26.43,999.11,94.58,13.42,2443.3
2022-11-17,20.22,85.02,EC,229.41,28.03,969.06,91.42,28.11,4026.2
2022-09-18,19.55,80.81,CI,13.17,30.67,1014.68,53.21,4.7,1192.3
2024-08-04,15.5,76.17,SP,0.26,23.56,1009.47,43.08,4.92,670.4
2023-05-04,13.82,81.34,EC,8.18,29.03,1011.83,64.75,4.84,710.9
2023-08-20,33.58,72.07,NW,0.96,29.86,1012.41,73.3,3.88,655.0
2021-06-04,11.69,87.87,EC,43.47,28.91,997.35,89.65,18.83,3048.2
2022-05-05,17.13,82.98,EC,236.47,29.55,985.08,96.73,42.92,2632.6
2024-11-10,12.13,73.81,WG,0.75,25.92,1011.05,69.32,5.05,503.0
2023-02-24,29.92,71.37,NW,5.11,25.35,1012.91,64.15,7.71,1095.5
2024-02-02,17.03,86.96,EC,7.3,23.15,1009.54,51.77,5.38,989.6
2024-11-17,23.4,76.94,CI,10.32,26.58,1010.25,42.11,6.15,1002.7
2021-09-03,30.87,76.4,NW,1.51,25.48,1011.76,52.34,7.53,990.1
2024-04-14,18.55,74.78,CI,22.27,27.07,1009.1,55.56,6.24,760.8
2023-11-29,12.45,78.52,SP,3.25,25.79,1013.77,46.94,4.59,478.7
2023-01-29,9.69,79.1,SP,1.05,27.63,1007.54,69.2,6.52,469.7
2022-06-22,26.49,96.08,NE,14.93,26.25,1013.83,62.91,4.42,636.0
2023-07-10,9.35,79.13,SP,4.93,29.19,1011.05,54.82,3.45,409.4
2022-02-12,11.92,85.09,EC,12.93,31.19,1014.04,56.61,7.68,1053.9
2022-06-09,31.17,71.88,NW,1.51,26.23,1012.56,65.39,7.45,345.4
2023-04-08,14.76,75.02,SP,0.21,25.88,1007.89,53.99,3.62,1040.1
2023-06-22,22.16,76.17,CI,3.18,24.23,1013.22,44.09,6.1,1146.5
2021-02-05,19.18,80.39,EC,1.65,27.0,1014.49,41.9,4.56,1035.6
2022-11-16,14.65,79.61,SP,0.53,23.69,1010.12,51.61,6.99,603.4
2021-01-20,17.99,73.19,WG,4.93,29.37,1011.37,57.89,3.68,355.8
2021-11-17,23.04,74.14,CI,6.29,27.98,1012.53,65.27,6.7,318.3
2022-05-27,24.78,81.23,CI,7.85,24.46,1007.11,46.53,6.3,1027.4
2022-02-04,25.51,93.77,NE,4.8,23.79,1007.63,47.3,5.41,906.5
2022-10-16,9.13,74.88,WG,0.58,28.32,1008.57,72.84,6.14,892.3
2023-08-30,23.48,96.67,NE,19.05,24.32,1007.86,48.79,5.55,746.4
2022-04-16,14.86,79.03,SP,8.17,22.36,1006.87,41.89,5.54,343.4
2024-03-12,19.2,74.06,WG,2.98,24.21,1011.43,67.4,4.45,724.1
2024-01-21,25.21,77.25,CI,2.97,32.49,1012.39,49.5,6.12,1024.3
2024-10-09,27.23,93.84,NE,16.64,32.06,1008.72,47.03,7.07,866.7
2023-04-14,11.2,83.25,EC,0.22,26.56,1008.77,43.9,5.46,1044.7
2022-12-28,8.23,76.99,WG,2.66,25.44,1013.05,55.96,6.34,469.8
2023-05-04,18.98,79.43,CI,6.05,24.76,1007.01,46.13,4.59,462.4
2021-02-20,34.28,70.01,NW,13.86,17.75,1007.38,82.58,10.9,773.1
2022-07-29,13.82,75.23,WG,3.23,29.91,1012.2,52.96,5.0,589.2
2024-04-28,9.92,76.0,WG,4.22,32.88,1008.0,59.85,5.35,1001.0
2024-02-23,10.39,76.16,SP,0.7,32.29,1014.83,45.77,4.37,997.8
2021-05-30,17.14,83.69,EC,243.43,26.62,980.49,98.05,39.09,4468.3
2021-11-10,15.36,79.84,SP,3.02,28.52,1014.7,42.58,5.57,868.9
2022-07-24,13.8,74.12,WG,99.84,25.73,1002.57,97.58,17.18,2573.1
2024-09-27,11.91,73.7,WG,68.97,25.27,999.36,95.65,19.56,3051.0
2021-11-01,16.99,87.24,EC,1.78,30.87,1006.52,52.19,5.87,875.9
2022-11-13,14.42,81.71,EC,185.55,28.14,986.94,91.77,49.99,3906.0
2023-04-18,25.04,85.83,NE,5.59,32.69,1007.39,52.18,3.26,436.3
2023-12-14,23.61,79.18,CI,14.85,32.98,1014.12,40.07,5.25,1003.8
2023-09-30,21.97,77.0,CI,3.27,24.49,1007.84,64.24,6.52,554.4
2022-03-20,28.69,86.09,NE,3.61,27.25,1013.0,63.63,3.34,436.0
2022-09-05,24.96,77.77,CI,77.45,30.2,994.36,89.74,14.65,3287.1
2023-09-20,18.57,75.78,WG,175.72,27.19,1004.26,91.68,13.48,2171.9
2021-09-21,21.89,94.98,NE,2.3,25.25,1012.02,65.03,5.94,993.1
2023-12-13,26.8,85.39,NE,5.93,26.97,1009.23,58.25,3.71,849.9
2023-10-01,19.07,80.36,CI,3.71,24.25,1011.99,54.97,4.12,899.6
2021-01-05,32.61,75.47,NW,4.16,31.38,1011.02,53.68,5.92,745.8
2024-02-01,23.76,80.6,CI,1.65,30.21,1010.38,51.07,3.47,647.9
2024-05-04,14.13,78.16,SP,3.7,32.48,1010.91,65.98,7.92,670.6
2023-02-13,27.39,77.12,NW,20.75,27.69,1009.86,67.66,5.22,504.9
2023-05-27,21.15,89.4,NE,7.47,32.3,1013.77,44.06,6.52,876.4
2023-09-19,33.48,72.27,NW,0.92,27.32,1009.73,61.62,6.39,405.3
2023-06-03,8.3,72.8,WG,78.18,26.22,1004.29,90.41,17.85,3567.0
2024-10-05,18.14,88.68,EC,157.25,28.79,972.62,96.11,33.07,3765.9
2021-02-16,31.17,73.07,NW,38.25,8.44,1004.11,89.4,10.09,1036.4
2023-05-17,10.55,76.41,SP,1.03,31.76,1007.79,53.38,5.52,781.3
2023-04-03,11.23,82.46,EC,5.29,26.24,1012.62,64.5,3.15,834.0
2023-07-25,13.39,73.39,WG,137.4,27.56,1003.32,96.2,12.41,3750.7
2022-10-18,8.7,78.95,SP,8.06,30.87,1010.14,47.94,6.91,493.1
2021-09-26,20.84,88.43,EC,2.86,27.36,1007.82,61.51,7.91,728.6
2022-01-05,15.42,72.74,WG,2.8,27.49,1008.05,49.89,7.38,1153.3
2022-09-28,19.15,80.99,EC,34.86,30.13,994.08,92.14,21.3,3361.1
2024-02-04,18.37,87.01,EC,2.03,26.82,1006.88,61.4,4.37,1168.2
2022-10-19,23.81,83.52,CI,19.99,22.51,1010.46,61.23,5.92,977.4
2021-04-30,13.91,78.81,SP,13.13,23.0,1013.12,69.76,5.43,928.0
2023-04-11,10.09,80.09,SP,0.84,27.03,1008.72,49.74,3.83,517.2
2023-12-18,26.33,77.05,NW,3.29,27.48,1008.96,71.74,6.89,302.3
2024-10-01,10.5,75.72,SP,7.22,28.27,1006.48,43.99,4.39,852.5
2023-01-11,14.61,75.01,SP,3.99,32.15,1014.84,72.79,6.19,712.2
2021-04-27,20.15,82.36,EC,9.4,29.5,1014.49,66.37,4.96,744.0
2023-03-02,28.52,93.3,NE,0.17,22.52,1008.53,68.21,4.6,405.2
2024-02-25,23.33,77.65,CI,2.19,25.92,1014.9,74.0,6.68,1046.0
2024-11-17,24.77,76.3,NW,4.63,24.79,1014.99,51.31,7.93,469.4
2023-10-10,19.37,77.72,CI,9.14,28.82,1011.34,50.81,7.07,481.6
2023-12-18,31.8,72.82,NW,1.97,26.73,1010.46,53.56,3.9,967.7
2022-09-26,10.38,73.13,WG,209.57,24.88,1005.09,94.29,19.71,2049.8
2022-05-28,12.36,87.77,EC,179.44,29.16,979.05,92.96,40.27,3689.1
2023-03-13,8.25,80.37,SP,12.71,23.64,1010.81,43.12,4.96,494.9
2024-01-25,9.59,75.61,SP,17.55,23.85,1012.07,50.56,6.39,1022.7
2024-02-16,25.9,85.96,NE,25.12,25.49,1013.93,67.9,6.58,334.9
2022-07-14,22.82,82.51,CI,1.08,22.25,1014.25,47.61,6.51,1181.9
2022-05-03,18.38,82.0,CI,3.07,32.31,1012.13,66.58,5.75,770.7
2024-06-14,21.16,75.59,CI,6.76,24.46,1008.64,50.8,4.33,359.2
2023-06-16,9.41,80.05,SP,11.93,31.28,1012.51,72.47,6.16,875.7
2024-07-19,18.88,82.67,CI,1.4,31.76,1009.92,64.64,4.34,505.8
2024-04-27,16.99,80.35,EC,33.14,31.88,1009.48,48.28,5.02,573.5
2022-12-05,30.04,76.17,NW,13.87,31.04,1009.52,60.99,3.39,716.0
2022-08-04,13.81,77.69,SP,13.34,28.04,1003.23,81.95,11.04,2499.4
2023-03-01,20.46,81.08,EC,1.11,32.32,1010.62,46.84,5.27,705.1
2023-05-11,18.92,76.31,WG,22.41,30.09,1011.66,68.56,5.02,365.5
2021-09-04,18.79,87.36,EC,14.06,27.66,1008.16,49.2,3.52,1197.1
2024-01-05,16.98,86.08,EC,2.13,26.56,1014.34,68.39,7.38,1155.4
2021-06-03,14.73,74.1,WG,25.47,31.42,1011.75,48.43,3.84,842.0
2024-12-29,17.26,82.32,EC,0.84,25.95,1013.18,52.24,5.23,850.6
2023-09-24,29.72,70.81,NW,12.07,26.42,1014.84,53.48,3.89,550.3
2024-01-15,8.98,76.77,SP,0.52,29.41,1012.07,58.47,3.23,669.6
2022-11-28,28.24,89.57,NE,0.84,24.54,1014.47,50.19,5.47,850.8
2024-08-01,16.98,73.29,WG,46.23,27.14,1004.36,98.95,15.91,3057.6
2024-05-28,11.4,75.63,SP,1.36,32.63,1006.15,57.24,3.29,353.3
2023-12-29,19.11,80.17,CI,5.78,22.36,1011.63,48.95,5.25,677.0
2023-12-07,31.9,70.13,NW,1.34,27.42,1013.31,50.09,4.63,885.6
2023-10-06,25.03,95.36,NE,1.37,32.8,1009.22,53.1,5.65,1051.6
2021-04-04,26.26,68.19,NW,1.38,29.98,1012.41,44.41,3.96,654.4
2023-08-16,32.48,68.53,NW,12.23,25.79,1014.97,47.11,6.29,824.2
2023-10-09,25.84,80.1,CI,7.22,30.46,1008.48,69.43,5.39,1139.6
2022-03-29,25.0,90.16,NE,2.06,28.16,1014.07,68.92,7.73,1104.2
2024-05-12,31.45,68.91,NW,10.13,24.7,1011.35,54.12,3.04,927.9
2023-07-01,25.44,80.26,CI,50.54,30.27,991.11,85.75,19.91,2607.5
2021-08-06,10.21,75.03,WG,4.98,27.47,1012.92,58.79,5.63,733.1
2022-04-19,19.07,74.18,CI,5.85,26.7,1006.22,65.31,4.57,635.4
2022-03-08,17.94,85.84,EC,1.71,28.76,1011.93,44.47,6.25,945.5
2021-12-07,12.67,76.01,SP,8.93,29.7,1010.65,70.27,4.17,645.0
2022-07-05,22.83,74.57,CI,113.58,30.78,989.1,97.36,15.51,2088.7
2024-08-05,22.87,79.54,CI,121.11,26.09,994.73,90.09,21.7,2163.1
2024-07-01,23.24,82.95,CI,1.86,23.87,1006.49,69.37,3.67,642.1
2021-12-23,35.05,77.81,NW,1.61,27.09,1013.96,65.75,3.14,694.8
2021-01-23,29.3,94.27,NE,6.11,23.52,1010.44,68.3,6.42,1036.7
2022-06-06,25.65,82.67,CI,94.58,30.38,990.43,87.96,16.24,3375.7
2024-01-29,23.82,74.75,CI,8.2,25.49,1006.01,60.25,4.41,967.7
2023-03-13,11.54,87.54,EC,4.56,32.9,1010.8,74.1,4.8,656.7
2024-04-18,16.39,87.33,EC,4.08,29.66,1012.92,54.4,6.44,993.1
2024-05-31,11.76,74.29,WG,1.36,29.07,1010.65,73.83,3.52,934.7
2023-02-01,16.4,76.62,WG,6.74,30.67,1007.01,42.62,5.53,588.9
2022-03-18,11.97,87.75,EC,1.91,26.3,1013.38,69.75,3.08,1032.0
2023-02-08,27.74,88.79,NE,3.64,29.41,1006.74,63.4,4.32,794.7
2023-10-13,12.26,72.71,WG,12.62,24.44,1009.14,64.03,5.47,1122.9
2024-09-10,8.13,77.62,SP,18.65,24.51,1012.77,64.54,7.2,886.5
2022-05-31,8.76,76.07,SP,7.19,23.21,1009.94,59.37,5.04,454.0
2023-11-06,28.2,91.85,NE,0.39,27.33,1006.48,58.66,3.9,861.3
2023-03-03,17.97,81.69,EC,9.82,24.1,1007.32,55.54,5.33,858.1
2021-12-02,17.94,76.41,WG,6.42,26.43,1012.9,44.3,3.37,909.7
2021-09-15,22.19,83.13,CI,35.65,30.27,994.33,88.88,22.49,3343.0
2022-05-12,20.29,86.58,EC,2.2,28.46,1009.94,49.78,5.16,344.8
2023-06-15,16.81,72.97,WG,1.47,23.16,1014.14,56.29,5.4,775.8
2021-06-09,23.3,85.8,NE,0.54,27.5,1008.91,42.36,3.35,369.5
2023-05-02,8.07,75.87,SP,1.48,31.87,1006.61,40.1,6.07,855.3
2022-11-21,28.48,87.88,NE,1.97,24.91,1009.04,52.39,6.89,1145.6
2022-01-15,19.64,75.19,WG,2.99,28.47,1008.65,69.03,3.45,689.9
2023-08-15,23.02,90.97,NE,1.73,29.32,1007.21,62.81,6.0,857.4
2022-11-22,10.63,76.93,WG,2.34,32.76,1014.87,41.64,3.2,1072.8
2024-12-21,18.17,72.62,WG,2.65,25.54,1006.46,40.08,6.16,770.4
2024-07-15,29.06,93.65,NE,1.55,30.01,1013.63,49.18,5.24,631.3
2024-12-11,25.07,74.71,NW,10.32,31.41,1009.98,52.51,6.93,492.5
2024-04-06,23.18,76.19,CI,2.3,32.35,1010.17,68.29,6.98,923.8
2023-12-03,19.34,80.78,EC,1.66,23.27,1012.42,70.08,3.84,1190.3
2021-10-12,11.92,75.05,SP,205.62,28.48,972.88,94.58,31.5,3864.8
2022-02-01,25.75,81.52,CI,23.76,28.18,1007.64,59.64,7.5,335.6
2021-01-12,12.75,83.08,EC,1.44,27.47,1014.62,63.29,4.36,1190.9
2024-08-18,12.77,86.9,EC,2.41,24.4,1012.08,59.86,7.12,902.4
2024-06-30,8.47,79.62,SP,4.9,31.47,1004.07,62.45,9.22,2304.8
2022-05-14,25.54,80.77,CI,1.06,43.85,1002.81,34.95,8.35,549.2
2023-01-24,9.7,76.98,SP,2.16,28.53,1014.54,64.92,6.91,805.2
2021-02-04,13.73,75.22,WG,1.12,32.64,1009.5,57.5,5.77,998.7
2022-12-28,13.35,78.05,SP,0.34,30.01,1012.51,49.18,5.08,705.2
2023-04-29,23.99,95.69,NE,6.86,29.63,1009.41,68.46,3.61,509.4
2021-03-31,25.06,72.66,NW,1.48,26.67,1014.35,72.47,3.85,671.9
2023-02-15,34.08,68.61,NW,30.43,17.92,1004.43,86.07,11.06,984.6
2022-08-28,33.17,76.2,NW,7.11,28.8,1007.78,59.15,6.23,796.9
2023-08-28,23.29,74.13,CI,118.79,30.72,988.52,87.48,15.31,2716.6
2023-10-19,19.44,77.42,CI,5.76,22.24,1011.91,50.18,4.32,471.4
2022-02-22,10.8,76.83,WG,6.3,24.37,1011.45,72.02,7.14,818.4
2021-04-25,32.47,70.97,NW,2.35,23.84,1010.28,54.72,3.32,622.4
2022-09-09,19.16,75.83,WG,5.13,24.06,1014.37,44.89,7.31,535.9
2024-05-04,27.7,71.79,NW,5.61,29.58,1007.96,52.93,5.73,1120.7
2023-04-06,19.6,83.71,CI,2.53,24.03,1014.95,67.64,4.92,428.0
2024-01-04,25.4,95.75,NE,5.26,27.51,1008.33,64.92,5.71,630.3
2022-02-17,23.95,95.33,NE,2.01,25.19,1013.11,57.44,4.41,1009.6
2024-10-31,21.46,96.79,NE,32.23,22.24,1014.0,66.0,4.33,1100.9
2024-12-14,15.3,77.0,SP,106.78,29.27,969.03,96.15,47.5,3508.9
2022-12-30,27.59,94.03,NE,3.14,28.07,1012.03,70.11,5.55,1172.1
2024-07-24,20.91,82.77,EC,0.78,26.44,1006.13,60.27,7.07,1063.6
2023-10-18,30.05,76.65,NW,4.48,32.6,1007.89,63.74,7.46,467.1
2023-01-31,27.62,89.72,NE,9.17,25.83,1008.11,71.45,7.21,754.6
2022-11-07,20.3,80.42,EC,2.1,32.97,1014.38,50.18,6.47,979.7
2024-11-18,19.6,81.86,EC,378.32,28.6,985.26,95.33,37.11,3649.4
2022-04-02,14.15,84.44,EC,7.83,28.28,1006.79,72.93,7.7,311.3
2023-07-09,13.4,74.84,WG,7.92,27.77,1008.52,62.37,6.28,495.5
2021-07-11,14.54,73.99,WG,8.38,24.32,1012.38,70.21,7.42,442.2
2023-01-09,12.93,86.92,EC,6.54,30.83,1011.8,49.46,7.15,1190.9
2024-01-28,11.2,77.78,SP,8.08,23.79,1009.42,46.58,3.69,487.9
2023-09-05,26.48,95.92,NE,9.53,33.11,1008.24,82.72,7.21,2080.1
2023-10-06,33.2,68.45,NW,28.8,8.51,1005.73,85.97,10.92,1194.8
2021-04-06,14.71,80.44,SP,1.56,23.55,1011.8,73.91,6.67,413.2
2022-10-25,21.78,83.7,CI,33.34,26.56,1006.62,49.99,3.62,1038.4
2024-04-28,14.57,74.57,WG,2.53,31.17,1009.02,68.47,3.79,1039.8
2021-02-06,23.82,92.89,NE,2.1,23.06,1010.53,44.23,3.37,543.0
2024-10-24,22.95,86.26,NE,10.07,28.45,1012.59,59.16,6.31,783.7
2021-10-06,18.22,76.92,CI,0.1,27.95,1009.45,59.56,5.97,757.0
2021-08-05,21.17,79.52,CI,2.76,29.68,1007.29,41.12,5.85,747.5
2023-05-17,23.49,96.81,NE,1.5,24.59,1011.23,43.74,3.68,523.9
2023-05-23,20.33,78.41,CI,7.33,31.73,1011.02,52.92,5.09,454.7
2024-07-20,21.88,88.13,NE,1.2,31.25,1012.85,48.38,6.78,573.6
2021-03-03,8.39,78.08,SP,15.15,32.79,1013.89,46.34,3.42,1167.7
2022-08-19,24.01,75.96,CI,77.53,28.18,995.55,91.95,23.24,1896.0
2022-12-30,10.94,75.09,SP,6.98,31.18,1008.98,56.46,5.36,338.7
2024-09-27,14.72,79.29,SP,0.82,31.21,1005.61,65.38,12.67,1297.2
2022-02-01,18.51,77.65,CI,3.15,25.25,1011.42,74.56,3.65,635.5
2022-11-30,29.12,89.7,NE,2.81,29.49,1008.17,68.52,3.94,602.9
2023-11-09,16.79,83.2,EC,258.04,26.96,984.23,94.61,46.0,3865.2
2021-06-26,26.07,96.74,NE,1.41,25.93,1009.25,58.14,4.0,546.1
2022-01-31,36.97,75.75,NW,15.18,14.47,1007.05,87.79,10.19,988.5
2022-03-21,21.23,78.94,CI,10.76,32.98,1010.28,44.36,7.83,948.6
2024-06-10,12.28,76.94,WG,242.94,28.19,1001.83,90.78,10.62,3164.2
2021-03-17,23.66,78.49,CI,6.74,24.08,1014.61,52.45,6.68,1120.2
2021-09-22,24.16,73.2,NW,0.53,31.28,1012.1,50.59,7.51,453.7
2022-03-31,15.87,77.88,SP,4.06,24.45,1008.97,52.58,5.12,429.4
2022-12-19,10.19,72.6,WG,1.29,23.06,1010.81,54.05,6.32,923.8
2023-01-05,12.26,76.63,WG,1.55,28.93,1011.6,59.7,6.19,524.2
2024-11-08,29.47,96.34,NE,26.19,32.87,1013.91,48.34,6.76,413.0
2023-05-01,19.02,85.02,EC,1.52,32.09,1009.97,62.53,4.83,514.8
2024-10-22,26.02,91.47,NE,10.04,30.72,1010.3,50.46,6.55,1110.0
2021-05-24,16.48,74.38,WG,4.94,30.84,1006.54,72.17,7.54,530.5
2023-06-04,16.03,73.05,WG,2.81,29.55,1007.98,40.37,4.83,489.9
2023-12-29,13.92,87.52,EC,4.49,22.26,1008.09,60.61,5.09,607.2
2024-01-28,25.23,79.39,CI,5.12,26.14,1013.51,63.43,3.55,810.3
2022-01-31,11.35,88.34,EC,2.24,30.46,1011.65,40.02,7.7,541.0
2023-11-15,13.62,77.28,SP,1.47,31.97,1014.07,59.41,3.91,587.3
2023-08-06,26.09,90.16,NE,36.63,32.98,1008.14,81.79,6.03,1827.7
2023-06-10,21.72,82.87,CI,164.54,30.19,996.82,88.86,23.41,3080.9
2024-03-20,22.37,86.24,NE,8.98,24.17,1010.81,54.28,5.36,659.4
2024-03-13,11.03,82.83,EC,1.8,29.78,1010.61,66.44,3.72,562.7
2022-07-23,19.18,76.2,CI,79.42,27.07,992.12,89.21,16.29,2739.1
2023-11-29,11.12,82.04,EC,7.35,26.6,1012.23,40.93,6.55,499.8
2021-04-19,10.66,75.17,SP,1.51,26.62,1007.07,60.44,7.75,634.8
2023-12-02,31.9,73.69,NW,5.78,14.78,1008.5,65.21,11.65,404.7
2024-04-24,9.16,75.18,WG,2.75,30.73,1011.53,66.84,3.14,766.3
2023-07-24,25.99,83.44,CI,3.82,29.02,1008.76,56.21,4.97,850.4
2022-02-02,8.03,76.08,WG,0.84,27.16,1006.76,45.71,3.33,528.2
2024-05-31,28.6,68.64,NW,5.55,22.77,1010.0,48.94,3.06,431.6
2022-09-26,20.37,77.22,CI,1.72,29.33,1009.0,42.67,5.74,1023.9
2024-03-02,14.28,75.47,WG,0.73,25.89,1014.59,57.89,3.45,747.6
2024-04-01,16.99,73.61,WG,0.34,22.49,1008.87,63.7,6.53,1111.3
2024-05-23,20.57,77.08,CI,3.74,23.19,1010.29,56.13,7.21,1030.2
2023-01-03,12.35,77.0,WG,9.04,27.59,1006.53,58.62,3.47,1080.3
2021-08-23,17.34,76.89,WG,0.11,27.53,1010.95,65.82,3.67,554.6
2022-10-20,23.54,78.06,CI,3.21,26.93,1010.53,40.58,6.69,583.8
2023-01-21,12.68,74.7,WG,11.59,29.72,1012.19,63.52,5.9,300.9
2022-08-11,13.0,76.23,WG,10.76,31.94,1007.75,46.31,3.18,641.6
2023-10-30,24.95,88.55,NE,0.61,32.84,1011.09,49.27,7.31,756.5
2024-01-03,14.2,79.7,SP,15.92,31.39,1011.7,49.9,5.24,868.3
2023-08-12,24.57,93.01,NE,0.42,29.16,1009.16,58.63,4.68,820.3
2022-05-07,24.76,73.29,NW,0.02,43.14,1000.05,26.36,4.07,1111.6
2023-07-02,21.38,85.35,NE,29.86,25.9,1013.05,50.19,7.86,550.5
2024-06-30,26.21,88.64,NE,0.16,23.19,1013.05,51.17,7.92,856.4
2024-06-07,33.65,76.96,NW,2.46,23.81,1010.61,65.26,5.96,534.0
2024-04-12,9.67,75.76,WG,1.46,27.24,1009.15,50.0,7.49,1009.3
2024-04-06,14.17,73.0,WG,1.15,27.85,1011.34,52.41,3.19,920.3
2021-06-19,26.54,92.31,NE,1.6,24.81,1011.97,70.5,4.41,999.8
2024-11-17,30.7,77.26,NW,1.42,31.74,1014.26,49.91,4.09,624.6
2023-08-04,14.25,76.96,WG,99.27,25.14,1001.78,96.7,17.24,2163.6
2023-03-06,16.6,81.04,EC,9.35,23.69,1006.6,63.06,6.32,963.4
2022-09-26,21.76,75.82,CI,71.93,27.09,996.42,94.71,22.62,1939.5
2024-05-02,22.78,80.93,CI,0.71,47.99,998.68,17.09,9.4,966.1
2021-01-29,11.75,75.54,SP,6.05,32.99,1012.19,56.38,5.18,1021.7
2024-04-03,21.75,74.81,CI,4.14,26.94,1009.52,46.87,7.24,498.6
2024-12-16,26.8,94.48,NE,5.39,25.32,1008.94,52.37,3.02,1020.9
2021-12-05,25.7,75.49,CI,1.31,27.44,1012.41,62.96,4.88,820.3
2024-10-20,22.26,79.68,CI,0.38,29.33,1009.76,58.36,6.62,643.5
2024-09-27,21.15,85.65,EC,37.68,26.85,996.09,91.23,14.75,3409.7
2022-05-15,9.75,74.46,WG,6.32,30.93,1007.08,50.62,7.41,409.4
2022-05-26,18.2,86.3,EC,1.77,29.71,1006.31,64.12,4.32,968.7
2024-09-12,28.34,87.17,NE,1.49,26.04,1014.19,52.43,7.57,1165.2
2021-08-05,25.61,74.59,CI,7.6,26.47,1009.57,62.98,6.86,874.6
2024-08-17,19.81,76.36,WG,2.21,25.19,1013.76,59.74,7.51,676.9
2024-03-01,13.28,79.04,SP,5.62,24.9,1014.01,57.55,4.39,499.4
2023-12-30,8.58,75.23,SP,131.66,27.8,968.98,97.43,36.48,2977.2
2024-06-29,18.81,74.87,CI,117.03,29.77,988.34,90.74,19.12,2311.9
2024-12-09,22.38,76.15,CI,2.0,22.62,1013.8,51.88,6.93,932.0
2022-03-21,14.88,77.45,SP,12.34,32.54,1014.47,40.82,4.49,1085.5
2023-05-26,13.56,78.59,SP,0.33,26.1,1014.36,55.82,3.26,555.4
2024-04-20,23.72,87.92,NE,9.35,31.41,1014.98,55.4,4.51,419.8
2021-06-16,20.74,81.97,CI,1.34,25.28,1012.01,66.82,7.02,977.0
2021-04-01,12.69,76.39,SP,2.99,27.39,1006.9,60.25,5.26,518.9
2022-12-15,34.63,68.55,NW,7.45,30.83,1011.11,47.02,5.85,483.7
2021-02-08,13.59,77.42,SP,1.14,30.06,1012.66,58.93,7.88,720.2
2024-02-24,16.78,76.67,WG,10.98,24.64,1011.22,58.79,3.53,642.6
2021-06-22,17.0,74.49,WG,117.74,24.02,1002.54,98.68,12.6,3354.1
2022-10-15,25.96,76.06,NW,10.31,28.06,1008.41,74.66,6.32,336.5
2023-01-24,24.92,85.9,NE,12.14,22.05,1008.35,48.3,5.75,452.5
2024-05-28,23.75,76.92,CI,4.36,25.18,1014.84,45.36,3.21,937.2
2023-12-18,18.39,83.03,CI,2.26,28.78,1008.51,70.37,4.61,833.7
2022-04-21,11.86,76.55,SP,4.5,26.68,1013.99,55.67,7.13,842.0
2022-04-01,16.6,76.49,WG,0.15,26.0,1012.01,64.38,7.96,939.9
2023-04-09,21.0,93.25,NE,1.1,31.02,1012.87,52.32,7.9,706.6
2023-06-14,27.52,87.52,NE,4.13,27.11,1008.77,53.29,4.96,761.7
2024-10-16,25.16,86.07,NE,5.46,23.55,1010.85,74.38,7.37,716.3
2023-10-22,13.97,79.66,SP,74.55,28.79,970.4,93.33,25.84,2691.4
2022-01-22,18.87,82.16,CI,9.03,25.41,1012.44,73.75,4.83,608.6
2021-12-14,27.56,89.16,NE,9.3,23.13,1007.49,73.37,4.58,882.5
2021-07-09,13.52,75.0,SP,1.52,26.95,1010.1,51.41,6.13,796.1
2022-05-20,15.45,78.03,SP,0.45,22.91,1014.69,50.55,3.45,463.7
2024-04-29,32.06,74.65,NW,1.41,23.7,1006.42,46.92,7.71,814.8
2024-10-24,17.18,87.71,EC,9.35,25.58,1014.06,42.48,4.72,1036.7
2024-12-03,26.18,95.89,NE,6.88,28.68,1011.04,42.88,7.25,514.5
2023-04-04,17.41,81.54,EC,2.49,23.14,1012.71,70.8,6.25,622.3
2023-07-18,25.31,80.82,CI,79.48,29.64,989.4,90.67,16.09,3344.5
2023-07-23,13.59,80.42,SP,0.61,28.47,1010.81,49.99,5.04,373.3
2024-02-15,21.64,90.14,NE,20.16,22.39,1012.68,62.86,6.38,873.9
2021-05-14,10.87,75.34,WG,4.13,26.17,1014.33,52.98,3.96,348.7
2021-02-27,24.45,83.66,CI,0.84,24.87,1011.86,48.28,4.66,386.1
2022-11-16,29.91,75.86,NW,20.07,12.36,1008.39,83.78,12.56,654.1
2022-11-03,35.92,74.83,NW,55.03,17.41,1006.27,76.33,14.16,1052.6
2021-06-22,13.67,85.47,EC,18.06,32.76,1009.81,58.62,3.13,740.3
2023-03-26,15.76,80.43,SP,0.08,22.41,1011.01,71.42,7.82,960.5
2024-03-18,18.07,87.98,EC,3.5,30.22,1011.1,60.44,3.35,341.1
2021-03-21,10.4,73.61,WG,9.5,23.6,1011.05,60.69,4.75,1081.7
2023-06-05,19.43,73.11,WG,116.08,28.82,1000.52,93.28,19.63,3035.7
2024-05-21,26.48,72.21,NW,2.76,28.24,1014.09,46.68,5.29,502.9
2021-07-22,26.01,92.25,NE,4.76,28.44,1007.18,69.07,3.61,458.9
2023-02-03,27.8,77.21,NW,10.08,24.98,1007.83,47.67,6.26,1046.8
2024-06-06,35.9,71.92,NW,9.25,32.19,1006.55,73.68,8.85,2166.9
2024-06-04,13.21,75.66,WG,6.01,29.56,1011.72,48.27,7.64,1193.0
2024-11-26,18.29,83.44,EC,1.52,28.11,1008.86,65.89,4.36,847.8
2021-02-16,12.97,74.07,WG,20.6,23.13,1013.57,68.76,6.88,300.3
2024-06-10,9.88,77.52,SP,5.34,22.75,1012.92,66.44,5.65,768.8
2024-08-21,16.24,75.84,WG,15.84,22.96,1008.82,47.35,5.98,321.3
2024-03-12,17.35,74.19,WG,2.73,32.57,1008.66,45.31,5.54,650.6
2024-12-09,33.94,68.07,NW,14.55,11.07,1011.95,79.32,14.02,890.0
2024-10-28,25.05,94.53,NE,15.6,23.27,1010.5,65.92,7.38,1091.4
2024-07-06,32.19,72.74,NW,12.51,33.6,1006.43,65.99,8.51,2044.8
2022-10-18,23.16,83.07,CI,2.67,24.76,1007.5,66.27,6.16,951.5
2022-04-16,14.8,76.1,WG,7.99,26.89,1010.19,58.65,3.64,332.8
2023-08-29,19.77,75.68,WG,69.31,27.73,1000.89,98.47,12.75,3463.8
2023-11-02,22.59,74.37,CI,0.2,28.4,1008.17,62.01,4.04,830.9
2024-09-15,12.49,75.04,WG,2.55,29.78,1012.22,62.5,7.94,853.2
2023-01-06,17.57,74.47,WG,1.7,25.03,1011.94,43.62,4.13,308.1
2023-02-23,15.68,76.49,SP,9.24,27.63,1010.6,49.99,7.19,736.2
2023-08-26,16.93,74.39,WG,25.81,29.59,1013.32,69.77,3.6,786.6
2021-12-24,21.89,82.03,CI,2.35,32.97,1006.38,41.19,7.89,690.8
2023-08-30,27.85,68.97,NW,4.33,25.13,1011.49,70.83,5.21,1067.8
2024-12-02,14.24,74.88,WG,4.77,24.86,1013.03,55.49,4.39,1028.1
2022-10-30,27.78,96.62,NE,1.99,30.88,1011.44,48.62,7.48,367.6
2022-01-08,18.44,79.92,CI,6.3,26.21,1013.74,67.84,6.42,1133.5
2023-10-29,18.49,88.87,EC,23.33,22.27,1009.11,66.19,4.4,673.2
2024-02-20,15.54,78.92,SP,3.57,31.64,1013.96,59.22,4.32,737.7
2024-10-03,22.17,75.62,CI,3.9,22.98,1013.09,42.41,4.17,680.2
2022-11-07,28.99,73.85,NW,8.34,30.34,1013.99,45.09,3.78,902.1
2021-03-31,23.8,80.35,CI,3.2,23.98,1010.85,48.99,6.46,1072.2
2022-11-29,18.86,83.86,EC,252.96,26.05,977.03,97.56,33.59,4075.1
2024-09-01,13.82,75.79,SP,56.65,32.9,1005.03,71.89,12.26,2415.2
2024-04-16,22.38,86.95,NE,0.13,27.56,1010.12,47.88,3.48,605.3
2022-06-24,20.8,80.68,EC,23.99,26.31,1010.1,73.87,6.66,527.8
2023-01-02,24.41,76.34,CI,3.09,29.72,1011.21,58.17,7.66,416.7
2023-05-19,16.15,88.24,EC,98.23,27.78,970.86,90.77,48.47,3129.8
2021-02-10,22.69,76.1,CI,8.28,30.59,1007.26,44.94,4.89,811.7
2023-01-10,23.41,96.05,NE,8.77,26.69,1010.82,70.86,5.96,833.1
2022-05-17,24.63,92.04,NE,5.54,29.26,1011.51,55.74,3.45,632.0
2023-08-17,29.98,71.78,NW,0.46,32.61,1006.83,84.52,9.49,1497.4
2024-03-14,22.9,93.23,NE,11.58,22.25,1007.33,41.51,5.43,643.6
2024-05-09,16.62,73.74,WG,3.73,32.56,1013.52,72.62,3.92,611.7
2023-07-18,19.68,87.69,EC,21.2,30.62,995.31,93.04,23.2,3726.0
2022-04-06,21.13,81.45,EC,6.54,29.83,1006.12,67.43,5.5,1087.2
2023-01-02,20.43,82.6,CI,2.76,32.26,1014.15,63.08,5.14,345.7
2023-01-22,22.69,85.04,NE,13.42,30.16,1011.24,54.1,5.26,937.3
2023-07-14,35.32,71.26,NW,1.37,24.18,1009.12,41.04,6.34,703.4
2023-06-28,29.39,72.46,NW,12.5,33.36,1006.93,76.8,9.34,2505.8
2024-06-30,35.03,71.38,NW,3.95,32.06,1013.01,74.48,4.66,862.4
2022-01-25,15.14,78.39,SP,4.67,28.27,1014.4,44.43,5.58,323.3
2023-06-02,14.33,73.97,WG,6.74,25.39,1013.02,69.9,3.38,466.1
2021-09-13,23.07,92.49,NE,2.88,26.42,1008.29,72.78,5.67,891.3
2022-12-10,29.81,77.11,NW,4.71,30.25,1013.5,74.47,4.96,879.3
2022-03-26,13.9,74.8,WG,0.43,25.49,1006.24,48.14,3.81,950.0
2021-01-10,15.58,87.1,EC,4.66,27.1,1006.74,40.68,5.18,530.1
2023-04-04,21.4,76.69,CI,4.3,28.84,1013.46,69.35,5.69,1116.1
2023-03-09,28.33,92.16,NE,1.68,32.26,1014.8,74.51,3.32,302.1
2024-06-19,26.03,92.33,NE,2.58,22.64,1013.27,57.66,4.48,349.5
2024-06-28,13.75,76.72,SP,0.22,26.35,1007.55,70.76,6.81,1196.1
2023-05-27,11.37,87.3,EC,11.62,31.84,1007.57,62.69,6.0,1126.1
2023-10-26,22.1,93.66,NE,8.94,30.59,1008.92,44.35,4.85,487.6
2024-02-17,8.66,77.06,SP,3.69,30.0,1008.09,63.03,3.35,1126.1
2023-10-13,8.5,77.87,SP,3.71,28.36,1008.24,59.18,4.44,655.1
2022-01-09,13.23,75.94,SP,1.3,31.77,1009.13,62.95,6.62,403.4
2023-12-25,24.16,96.16,NE,0.16,32.3,1006.6,66.67,6.86,899.5
2021-05-26,24.76,94.63,NE,2.04,27.74,1013.56,64.46,7.84,708.9
2021-08-12,28.88,96.69,NE,9.4,27.18,1014.94,71.37,4.49,1158.3
2024-06-16,18.78,73.93,WG,3.28,24.18,1013.98,50.97,4.76,1195.3
2021-06-26,15.7,79.47,SP,17.68,26.96,1008.47,57.53,4.91,807.8
2023-05-03,18.05,72.57,WG,28.18,31.88,1010.51,46.13,3.25,443.6
2024-07-29,25.63,81.78,CI,5.41,30.21,1012.74,73.39,6.53,999.8
2021-03-04,27.53,85.98,NE,4.3,26.7,1013.41,62.37,5.68,499.1
2024-05-25,13.56,88.66,EC,2.06,28.63,1011.31,56.24,3.51,1071.4
2023-04-07,30.51,71.98,NW,1.17,45.78,1003.56,25.35,8.07,1395.4
2023-03-06,24.72,74.87,CI,1.68,29.48,1008.33,54.66,3.19,633.9
2022-11-20,29.42,71.76,NW,10.53,23.58,1013.04,46.13,4.42,813.0
2021-04-15,28.55,71.08,NW,0.34,24.74,1012.89,43.19,6.39,434.9
2024-01-28,22.79,87.07,NE,4.96,22.08,1008.56,44.55,6.42,879.7
2022-05-26,18.04,88.27,EC,212.83,27.65,975.71,91.04,49.86,2969.4
2022-01-20,30.62,70.98,NW,29.86,8.03,1009.25,76.13,15.94,532.0
2022-02-09,9.27,79.57,SP,2.87,24.18,1012.73,50.59,5.35,1145.4
2023-04-03,36.63,71.49,NW,17.63,31.6,1007.5,56.87,6.57,959.6
2022-06-02,20.33,80.01,CI,10.31,28.05,1006.38,46.89,4.64,956.0
2022-04-21,19.53,84.1,EC,4.52,31.92,1012.37,60.8,7.62,1110.1
2022-12-10,17.93,86.45,EC,1.97,30.89,1009.36,54.58,3.02,508.0
2023-02-10,36.49,69.65,NW,4.72,29.85,1014.62,41.02,4.89,936.5
2024-12-31,21.97,83.53,EC,4.15,23.47,1006.14,46.31,7.69,839.4
2023-11-13,23.79,79.72,CI,0.65,30.35,1008.11,46.72,4.37,532.5
2023-09-24,21.89,80.98,CI,7.34,28.2,1010.94,50.47,6.47,796.7
2022-11-08,21.17,75.26,CI,1.43,29.02,1014.64,51.47,4.85,786.5
2022-12-15,11.91,77.87,SP,83.67,26.2,983.69,97.94,28.55,3679.4
2021-03-24,22.72,96.23,NE,0.47,22.73,1013.2,56.47,7.63,730.3
2024-03-14,26.96,72.09,NW,6.11,30.88,1009.88,59.42,7.67,368.3
2024-01-14,12.7,84.82,EC,0.32,27.82,1011.0,61.24,7.04,1018.4
2024-01-07,20.46,78.89,CI,0.44,22.11,1012.16,46.4,5.64,508.5
2022-04-02,26.92,68.54,NW,6.85,31.18,1009.92,47.86,6.3,616.2
2021-01-01,34.13,74.41,NW,9.42,13.89,1008.93,68.96,8.72,471.2
2021-02-20,23.9,85.57,NE,14.14,29.72,1014.39,72.76,6.35,1133.3
2022-11-16,14.92,75.93,SP,195.39,26.53,982.48,99.43,33.21,3669.5
2022-12-18,21.24,84.31,EC,4.64,26.44,1010.53,69.74,7.12,655.4
2022-03-25,10.72,79.08,SP,11.42,25.09,1014.59,40.65,5.51,994.4
2023-05-31,20.65,83.34,EC,339.4,29.94,973.63,98.85,31.65,3950.9
2022-05-03,21.26,78.33,CI,6.27,32.52,1009.39,42.73,4.0,956.3
2021-02-03,25.38,80.93,CI,11.37,32.89,1013.12,40.66,6.67,1044.8
2024-10-03,27.22,69.85,NW,48.74,25.57,1006.32,53.69,4.06,1175.3
2021-04-05,13.53,82.37,EC,3.23,29.39,1014.75,42.15,4.1,680.3
2024-01-01,13.53,85.93,EC,34.74,23.37,1011.16,45.67,4.24,656.6
2021-06-03,8.93,77.13,SP,2.18,29.99,1008.68,61.91,3.23,940.8
2021-09-07,23.0,76.91,CI,3.41,28.02,1009.54,47.74,4.2,749.9
2022-11-05,8.78,72.87,WG,5.03,24.18,1011.85,56.02,3.53,1143.8
2022-03-14,25.64,76.36,NW,18.41,31.17,1009.31,41.13,5.18,718.6
2021-04-28,18.24,80.58,EC,7.96,29.77,1009.82,74.2,3.56,1112.2
2023-02-10,24.32,88.34,NE,4.57,30.47,1012.86,66.4,3.83,779.2
2024-08-22,25.91,91.27,NE,4.09,27.18,1007.51,53.47,5.59,915.8
2021-09-25,13.77,73.92,WG,124.95,26.12,1002.94,98.13,14.15,3745.3
2023-12-14,19.1,81.42,CI,13.86,22.29,1014.56,54.44,7.75,1078.0
2021-08-24,25.04,83.44,CI,6.32,22.63,1014.26,47.21,7.6,486.2
2022-01-24,18.47,81.4,CI,2.87,28.94,1010.93,49.85,5.04,753.1
2023-09-17,13.81,80.21,SP,30.82,27.52,1013.69,45.15,7.8,811.3
2023-02-02,23.15,93.91,NE,1.94,28.71,1008.73,44.83,7.15,735.0
2022-02-05,18.44,80.31,CI,3.53,23.07,1009.06,64.15,3.93,1141.8
2022-09-16,23.98,94.23,NE,2.98,30.59,1007.69,66.86,3.59,378.6
2023-02-06,18.36,74.14,WG,1.34,29.48,1011.79,52.44,3.48,862.0
2024-08-19,30.83,69.17,NW,4.66,29.11,1009.14,71.99,6.4,798.9
2023-07-08,11.34,76.98,SP,11.11,27.29,1014.65,59.5,3.25,742.1
2024-05-15,13.01,88.05,EC,10.21,29.1,1008.79,63.68,3.23,616.3
2024-06-06,9.78,75.36,WG,0.54,25.29,1012.32,52.9,4.09,432.4
2023-05-03,28.57,95.94,NE,0.9,31.94,1013.79,58.19,3.16,1162.4
2022-08-01,17.52,73.29,WG,56.58,26.77,999.72,92.46,13.79,3041.3
2021-03-16,19.99,82.49,EC,2.17,29.98,1007.22,40.72,4.86,1011.8
2022-03-11,15.38,78.9,SP,1.47,25.62,1014.2,63.18,7.88,804.8
2021-04-13,34.21,68.85,NW,1.79,45.52,1001.66,25.29,5.43,882.9
2024-12-16,17.41,87.39,EC,104.38,28.25,975.48,96.89,28.92,4235.0
2023-02-03,14.89,75.16,SP,10.43,30.11,1006.32,67.38,6.7,318.3
2023-01-08,28.98,85.52,NE,2.18,26.96,1008.3,45.5,4.27,985.9
2023-03-17,17.76,86.24,EC,2.59,31.99,1008.57,50.26,5.67,341.1
2024-08-22,9.29,72.72,WG,109.14,26.87,998.32,95.48,11.36,2923.2
2021-04-08,24.28,77.85,CI,1.81,25.4,1014.62,67.57,3.6,584.6
2023-03-09,9.29,75.93,WG,10.41,29.74,1010.74,71.51,4.81,368.5
2024-09-20,28.22,92.05,NE,3.2,32.36,1006.21,65.17,4.26,381.9
2023-05-09,26.1,68.15,NW,1.67,31.28,1010.89,61.43,7.73,656.8
2022-03-11,18.71,84.95,EC,2.15,27.52,1010.2,40.25,7.29,359.4
2022-03-23,32.46,76.13,NW,7.62,24.71,1011.77,66.31,5.53,1135.7
2024-08-24,24.69,86.49,NE,8.51,32.39,1008.9,41.44,5.75,308.2
2021-09-06,21.34,84.91,EC,5.32,30.9,1011.57,42.11,5.93,461.8
2021-06-15,12.92,80.13,SP,2.31,26.43,1008.22,55.65,6.81,509.9
2023-09-11,15.45,78.15,SP,2.65,27.62,1011.89,59.85,6.25,1184.1
2024-09-20,11.57,76.99,WG,0.65,27.58,1006.4,41.76,4.76,952.2
2023-10-17,16.17,74.34,WG,5.41,31.24,1010.32,69.63,3.28,591.2
2022-06-26,25.76,89.99,NE,32.1,28.34,1002.62,83.99,11.85,1892.4
2023-01-29,15.11,77.65,SP,4.62,25.44,1011.78,56.85,7.59,425.4
2024-02-04,20.06,87.56,EC,9.07,23.41,1011.05,54.21,7.1,1145.2
2021-03-22,14.59,78.97,SP,5.04,27.77,1006.49,57.45,3.1,665.3
2021-05-13,18.26,74.24,WG,8.63,32.63,1012.61,67.47,7.25,338.4
2023-03-08,21.97,95.11,NE,8.94,31.67,1012.16,54.2,4.5,472.7
2023-06-19,11.99,75.7,SP,12.64,25.76,1006.51,65.42,3.43,405.1
2021-05-18,21.98,86.91,NE,6.72,24.2,1013.66,44.96,4.17,871.2
2021-07-03,14.01,78.91,SP,6.02,27.02,1007.42,56.09,4.7,693.0
2024-11-25,26.65,76.47,NW,0.93,25.26,1012.0,63.42,4.32,819.4
2024-09-15,10.25,79.36,SP,4.62,32.58,1008.83,50.8,7.16,739.6
2023-02-24,13.87,75.79,WG,5.98,24.9,1013.78,65.46,3.43,607.5
2023-09-11,15.2,83.12,EC,3.25,30.94,1014.99,51.97,7.54,713.5
2021-03-10,18.1,72.66,WG,3.28,32.3,1010.22,58.93,3.2,375.6
2022-06-30,19.7,75.42,WG,1.85,31.4,1011.65,49.1,4.76,843.9
2021-02-22,13.19,75.33,WG,7.76,25.72,1010.65,66.49,4.07,880.5
2021-07-24,22.04,91.17,NE,5.23,29.88,1003.31,63.21,13.05,2524.8
2021-05-06,25.88,76.35,CI,0.72,44.56,1002.82,17.84,9.63,1308.2
2021-02-12,23.78,78.35,CI,15.5,30.69,1009.18,71.03,7.99,508.2
2021-04-21,32.48,70.05,NW,0.06,42.79,1000.26,31.18,8.5,697.3
2023-01-31,13.65,76.91,WG,2.69,27.88,1013.49,68.15,7.05,772.7
2024-04-21,19.56,80.36,CI,7.93,30.88,1010.72,67.05,4.88,1001.8
2023-04-28,31.48,73.65,NW,0.99,46.05,1003.35,22.77,5.73,780.1
2021-04-05,26.23,91.03,NE,0.31,25.59,1014.38,44.34,7.39,738.8
2024-10-29,8.2,76.55,WG,16.18,31.9,1013.39,54.24,5.06,1169.8
2023-06-19,20.1,81.57,EC,122.35,27.68,990.91,91.68,19.33,3126.1
2021-12-26,24.51,94.25,NE,2.55,23.74,1014.96,42.51,4.86,490.6
2023-06-19,36.74,77.51,NW,3.78,25.1,1014.88,68.43,4.2,423.7
2021-10-08,28.64,86.9,NE,12.54,28.67,1007.8,46.83,6.42,567.5
2024-05-03,21.06,87.91,EC,2.16,22.46,1007.9,51.47,7.07,906.0
2024-05-03,24.2,89.73,NE,3.15,25.08,1007.93,59.38,4.13,1134.5
2022-10-29,29.98,74.56,NW,7.47,24.97,1009.55,71.28,4.58,314.3
2021-04-03,13.87,80.21,EC,149.17,26.42,976.87,92.49,49.97,2631.4
2022-11-03,12.55,83.96,EC,9.71,28.86,1014.62,52.4,5.85,526.5
2021-03-02,23.4,94.17,NE,4.38,22.37,1011.32,49.63,4.16,552.8
2022-09-26,12.17,88.26,EC,6.85,27.77,1012.49,49.7,7.28,736.7
2023-12-11,28.61,95.91,NE,1.56,28.03,1009.45,41.81,5.89,974.0
2024-11-27,16.88,72.98,WG,2.37,27.98,1013.51,42.02,4.24,345.0
2023-10-26,15.82,81.18,EC,1.73,26.32,1012.14,42.75,3.17,797.6
2022-08-27,29.4,89.0,NE,3.79,30.21,1008.53,57.45,4.69,566.6
2022-11-13,15.02,76.01,WG,5.71,26.92,1011.21,43.79,4.09,306.3
2022-06-18,21.13,86.8,EC,61.2,28.19,992.14,97.99,21.0,2549.8
2024-11-29,16.09,74.6,WG,6.14,32.71,1014.27,43.06,5.79,1117.6
2023-04-18,12.84,75.52,SP,26.64,29.16,1014.96,67.72,4.39,1068.2
2022-10-07,20.72,84.89,EC,0.67,29.74,1009.49,70.61,6.54,684.6
2021-08-21,8.32,80.06,SP,33.13,31.68,1006.18,65.69,11.35,1572.7
2022-06-08,30.36,76.69,NW,6.21,28.81,1009.25,65.92,4.46,313.3
2021-12-12,35.14,76.16,NW,11.9,25.86,1011.19,69.73,3.64,473.7
2023-12-06,21.52,87.96,NE,9.23,23.81,1011.51,51.77,6.9,691.9
2022-06-30,25.0,82.99,CI,69.21,29.08,993.66,96.8,17.47,2397.3
2024-01-07,11.66,77.42,SP,1.27,24.96,1009.21,55.2,3.68,962.2
2024-01-02,9.4,80.33,SP,3.18,32.32,1014.33,54.77,4.1,1073.2
2023-03-05,26.77,69.91,NW,6.11,31.92,1014.3,52.2,4.59,1069.4
2021-09-06,13.29,76.34,SP,12.07,25.09,1008.15,64.32,7.09,1081.3
2021-02-16,25.51,74.11,CI,2.14,32.62,1010.9,73.48,3.05,853.8
2024-02-19,8.07,74.77,WG,3.48,23.65,1006.76,51.77,6.46,1030.5
2021-08-02,13.86,73.24,WG,3.44,28.17,1009.08,71.74,3.99,915.7
2021-08-27,21.96,78.12,CI,139.51,26.7,990.85,89.83,14.2,3668.2
2023-12-16,15.12,75.05,SP,3.85,31.76,1006.27,71.66,7.81,363.0
2021-12-16,15.81,78.43,SP,18.72,28.7,1012.27,58.07,4.71,966.0
2021-04-17,9.21,75.26,SP,6.12,32.86,1010.54,45.88,7.31,645.4
2023-04-11,25.57,87.82,NE,2.56,30.46,1007.09,63.4,5.73,435.7
2021-02-17,14.31,82.21,EC,2.16,31.12,1009.99,57.39,4.23,751.8
2021-12-03,23.2,79.54,CI,1.24,22.75,1008.48,52.58,4.24,723.7
2023-11-16,18.62,79.27,CI,2.54,29.25,1006.34,62.18,7.4,412.1
2023-03-15,24.33,74.81,CI,0.18,24.04,1007.97,50.35,5.28,929.7
2024-07-04,25.12,79.78,CI,2.72,26.76,1012.15,62.57,5.12,604.8
2021-01-08,25.6,75.48,CI,3.11,26.18,1006.81,46.36,6.28,1138.2
2022-09-17,15.95,78.54,SP,0.77,22.93,1006.89,48.94,6.96,1052.3
2024-06-30,25.82,91.18,NE,9.2,31.81,1010.13,59.89,6.42,522.9
2022-12-20,24.31,77.4,NW,4.34,28.0,1012.9,48.2,7.6,648.2
2021-10-30,13.15,75.5,SP,2.45,27.44,1007.04,46.22,7.95,614.8
2022-10-01,8.17,75.28,SP,3.54,23.27,1007.24,61.52,3.12,804.5
2021-02-25,17.7,85.53,EC,0.5,29.55,1007.33,67.11,5.1,383.0
2022-12-27,30.5,71.07,NW,8.01,31.49,1007.68,52.15,5.84,319.4
2022-06-10,22.25,79.16,CI,2.5,27.39,1014.33,47.91,4.99,446.1
2022-04-19,24.25,70.82,NW,0.16,42.83,1002.9,22.55,5.12,516.9
2021-01-28,21.45,95.8,NE,4.1,28.03,1007.9,52.71,4.44,940.6
2021-03-19,16.7,76.98,WG,3.81,26.04,1014.9,71.34,6.29,734.4
2024-05-24,10.42,79.83,SP,17.21,25.87,1014.21,45.78,4.26,651.4
2024-11-10,31.84,72.53,NW,12.63,12.57,1008.69,87.95,13.94,834.4
2021-12-31,13.45,86.65,EC,0.42,22.31,1011.67,46.71,5.88,708.2
2022-10-28,28.69,87.82,NE,3.76,24.03,1013.98,47.86,7.78,506.3
2022-06-10,10.1,75.63,WG,112.92,26.28,1004.2,93.1,10.16,3251.7
2022-11-30,29.3,94.0,NE,4.42,25.54,1006.58,53.69,6.16,374.9
2024-08-28,20.28,78.2,CI,3.45,27.2,1008.81,74.5,7.87,740.7
2023-06-02,12.61,76.33,WG,193.59,24.94,1000.73,98.09,16.28,2810.6
2023-10-28,19.49,85.3,EC,5.42,27.71,1007.45,56.7,5.62,1195.8
2023-10-24,11.3,76.72,WG,1.71,24.78,1012.85,51.73,3.28,1162.1
2023-07-08,18.19,88.73,EC,15.11,22.46,1013.31,61.38,7.41,476.2
2023-01-20,22.64,82.21,CI,3.52,24.06,1014.97,40.32,3.71,947.0
2021-12-29,19.94,83.04,EC,4.85,24.84,1012.43,69.42,5.78,390.8
2024-07-21,29.19,85.26,NE,8.34,32.16,1006.86,61.43,6.03,2469.9
2023-03-17,33.99,77.66,NW,18.26,13.68,1011.05,82.68,15.32,1013.6
2023-01-09,23.88,92.78,NE,10.82,31.23,1008.64,58.27,3.18,338.5
2023-11-05,12.5,79.19,SP,0.31,31.69,1010.94,72.5,4.03,698.4
2024-04-30,28.36,92.24,NE,4.95,29.12,1009.27,67.57,5.05,647.5
2022-04-30,17.79,73.91,WG,12.0,22.24,1014.99,66.01,7.85,746.0
2021-01-28,19.83,78.31,CI,12.96,28.4,1010.72,42.5,6.69,425.1
2022-12-15,13.42,76.03,SP,129.45,27.37,983.75,99.68,27.62,3089.4
2023-11-29,13.44,77.17,SP,6.71,30.7,1012.87,70.54,4.36,1175.1
2024-07-20,14.36,75.2,SP,17.72,30.35,1006.98,59.53,7.08,380.3
2024-06-08,32.68,74.5,NW,9.59,27.34,1006.44,65.11,7.84,350.5
2021-03-27,21.35,86.42,EC,3.26,32.1,1006.22,52.18,4.52,524.1
2021-05-06,17.56,76.57,WG,3.61,31.12,1008.77,50.85,7.96,856.9
2023-03-23,23.4,76.9,CI,13.13,22.46,1012.54,47.41,3.57,639.5
2022-06-21,35.31,75.48,NW,7.26,24.29,1007.57,58.33,6.19,902.1
2021-05-25,24.61,93.53,NE,4.19,30.42,1007.9,51.88,4.9,918.7
2024-05-20,24.94,83.76,CI,4.1,28.88,1010.26,42.11,6.45,1023.7
2021-01-25,15.62,76.79,SP,0.12,31.77,1013.87,70.66,6.32,550.7
2024-11-18,21.37,75.1,CI,2.56,31.82,1011.23,55.43,7.43,532.3
2021-03-08,19.98,82.82,CI,3.14,25.64,1013.69,51.14,4.44,1016.5
2021-08-21,24.07,92.45,NE,6.56,26.26,1013.88,47.89,5.32,738.3
2021-04-19,18.33,87.04,EC,15.04,28.25,1014.83,68.04,3.15,405.3
2024-03-15,10.19,73.87,WG,4.55,23.29,1006.39,57.91,6.76,571.7
2021-04-21,11.59,77.01,SP,0.61,27.16,1006.62,58.68,3.06,933.1
2021-08-16,21.81,87.51,EC,117.36,26.71,996.5,87.95,14.82,1873.5
2021-04-21,30.24,76.79,NW,0.03,48.39,1000.88,31.98,4.96,1271.1
2021-02-03,10.78,79.32,SP,2.18,23.86,1008.3,41.65,3.61,907.8
2022-09-15,10.68,75.98,WG,22.28,22.95,1008.35,43.84,4.86,548.5
2024-10-24,29.93,69.07,NW,6.41,22.86,1013.0,40.07,5.86,881.0
2023-01-18,23.32,89.83,NE,6.48,32.82,1008.69,63.43,4.38,425.6
2022-08-18,19.24,80.66,EC,110.85,29.71,992.79,88.26,18.06,1885.1
2022-03-01,13.28,78.94,SP,4.61,22.45,1009.18,40.8,6.04,699.5
2022-09-05,23.23,81.61,CI,78.16,30.88,995.3,91.23,17.82,3680.1
2022-11-23,10.14,75.14,WG,0.57,30.05,1009.92,54.63,3.56,1061.0
2024-07-29,15.53,78.36,SP,2.81,25.1,1014.82,63.87,7.03,394.7
2024-09-05,22.89,81.36,CI,7.54,27.94,1013.32,70.97,3.45,965.4
2021-11-11,10.67,78.85,SP,3.11,23.08,1010.02,50.03,7.32,827.7
2023-05-27,35.91,68.11,NW,0.23,42.91,998.47,24.89,6.13,821.8
2024-11-01,24.96,76.19,CI,11.37,31.28,1012.11,72.18,6.27,857.1
2024-08-05,21.65,82.52,CI,54.93,26.47,991.8,97.71,23.53,2468.7
2024-12-31,14.59,79.91,SP,6.83,28.16,1011.76,74.14,4.8,953.3
2022-10-24,28.99,90.37,NE,4.41,28.39,1007.34,66.38,4.99,416.3
2021-10-04,26.58,89.69,NE,0.96,22.13,1012.21,66.21,3.23,439.3
2022-09-16,14.86,83.88,EC,3.21,32.99,1014.06,54.24,5.65,1088.0
2022-05-31,33.66,73.01,NW,0.04,48.43,1001.79,24.37,7.24,701.7
2024-10-05,27.92,93.94,NE,2.03,31.84,1007.25,64.81,7.9,516.3
2023-04-23,8.16,78.47,SP,0.4,27.16,1009.0,68.2,7.41,510.9
2021-12-16,24.71,90.48,NE,9.22,28.02,1006.17,47.43,3.19,414.1
2023-04-03,20.0,84.93,EC,0.18,23.95,1009.94,54.44,4.46,586.4
2024-03-06,18.63,75.71,WG,9.8,27.91,1014.78,68.59,4.95,1088.0
2023-01-29,17.08,86.79,EC,14.6,31.07,1006.59,52.37,3.23,589.3
2023-06-18,18.31,74.27,CI,14.48,25.09,1014.5,64.33,4.41,306.2
2021-08-31,18.67,78.38,CI,4.15,29.38,1007.87,46.15,5.8,417.2
2022-06-27,23.0,96.81,NE,29.73,31.29,1007.54,83.54,7.99,2532.9
2023-11-30,25.61,92.95,NE,5.98,27.23,1008.65,74.8,5.19,468.8
2021-08-17,14.07,82.9,EC,1.77,28.31,1009.92,47.28,4.93,383.3
2022-07-02,14.69,86.29,EC,58.95,27.42,997.48,92.7,12.32,3627.4
2023-07-09,11.79,77.85,SP,2.47,29.09,1009.3,41.1,7.87,1074.4
2024-05-31,31.7,75.69,NW,6.87,22.72,1010.04,68.29,6.12,671.5
2021-01-06,8.72,79.27,SP,6.33,26.8,1011.89,59.52,7.42,1001.4
2024-09-07,22.51,80.69,CI,12.33,23.31,1007.82,73.26,7.04,1118.2
2022-04-13,10.62,77.25,SP,6.33,29.44,1008.24,61.91,5.1,438.1
2021-03-16,13.54,88.81,EC,6.51,25.96,1013.88,55.33,4.45,444.9
2021-01-04,11.98,80.48,SP,2.01,26.43,1010.02,43.53,6.68,304.0
2022-10-08,13.88,73.49,WG,2.2,29.7,1009.23,45.99,7.84,347.7
2021-04-28,30.6,68.4,NW,0.95,25.11,1010.34,59.6,3.98,889.8
2023-05-31,20.95,87.37,EC,11.08,28.08,1014.16,64.31,6.15,844.9
2022-05-19,27.17,92.32,NE,12.89,23.84,1009.24,64.2,5.2,1112.6
2023-08-05,12.64,80.48,SP,4.93,26.48,1007.69,59.39,4.01,1015.1
2022-07-28,14.06,87.02,EC,3.31,26.04,1011.76,43.01,4.57,1140.0
2021-07-13,25.94,96.71,NE,1.58,31.48,1010.62,60.42,4.51,612.9
2023-04-27,28.04,96.98,NE,0.89,32.76,1014.2,52.4,4.2,534.5
2022-12-16,22.71,76.05,CI,2.03,25.12,1008.29,69.49,4.34,1075.7
2024-11-16,22.03,81.11,CI,1.96,32.66,1011.09,55.97,7.23,577.5
2023-11-16,19.52,80.0,EC,400.96,29.06,966.44,95.89,45.69,3076.9
2024-12-29,16.56,82.12,EC,1.38,26.43,1007.89,50.75,6.77,733.2
2021-06-22,18.5,73.19,WG,16.46,29.6,1012.57,53.06,5.55,550.7
2024-08-16,32.66,70.66,NW,6.58,22.72,1011.96,69.97,3.8,1095.8
2021-11-22,28.64,77.41,NW,0.68,30.74,1014.84,41.37,6.97,685.7
